loss,policy_loss,value_loss,entropy,gradient_norm,approx_kl,update,timesteps,reward,success,dependency
26.317480087280273,-0.0005760136991739273,52.63784408569336,0.0866212472319603,9.829681396484375,2.4070264771580696e-05,1,256,6.470000000000001,0.5625,2
18.201475143432617,-0.0004423372447490692,36.40556716918945,0.08663338422775269,6.550224304199219,1.316610723733902e-05,2,256,4.595000000000001,0.40625,2
21.231523513793945,0.0002356395125389099,42.46430587768555,0.08650831878185272,11.16911506652832,0.0001240139827132225,3,256,6.095000000000001,0.53125,2
12.901237487792969,-0.002029668539762497,25.808265686035156,0.08663156628608704,1.1892070770263672,0.0001321274321526289,4,256,3.0950000000000006,0.28125,2
15.11841106414795,-0.00016904622316360474,30.238882064819336,0.08613114058971405,2.8300671577453613,0.0003651177976280451,5,256,4.220000000000001,0.375,2
18.21563720703125,-0.001684136688709259,36.43633270263672,0.08448906987905502,11.505339622497559,0.0003628099802881479,6,256,6.470000000000001,0.5625,2
15.167351722717285,0.0005832947790622711,30.335187911987305,0.08255545794963837,1.1906286478042603,0.00014788983389735222,7,256,4.595000000000001,0.40625,2
15.959712028503418,8.502043783664703e-05,31.9208984375,0.08222441375255585,4.177524566650391,2.2350577637553215e-06,8,256,5.720000000000001,0.5,2
15.511364936828613,-3.209523856639862e-05,31.024446487426758,0.08257787674665451,2.274373769760132,7.443479262292385e-06,9,256,4.970000000000001,0.4375,2
15.738920211791992,-0.0027851127088069916,31.48509407043457,0.08419022709131241,3.6526339054107666,0.0001770475646480918,10,256,6.095000000000001,0.53125,2
15.562719345092773,-9.867548942565918e-05,31.127357482910156,0.0861351266503334,0.7148222923278809,0.00038915034383535385,11,256,5.720000000000001,0.5,2
15.256592750549316,-0.0006060730665922165,30.516132354736328,0.0866422951221466,3.3849735260009766,0.0002922262065112591,12,256,6.470000000000001,0.5625,2
16.244861602783203,-0.0013162456452846527,32.49407958984375,0.08626361191272736,18.92732810974121,0.00019397982396185398,13,256,3.0950000000000006,0.28125,2
15.07600212097168,-0.0002651996910572052,30.15424346923828,0.08542463928461075,2.5278913974761963,0.00012744381092488766,14,256,6.470000000000001,0.5625,2
16.21981430053711,-0.0013907700777053833,32.44409942626953,0.08446017652750015,18.947546005249023,7.500383071601391e-05,15,256,3.095,0.28125,2
15.122710227966309,-0.0008275769650936127,30.248735427856445,0.08299241960048676,3.0243542194366455,0.00011912942864000797,16,256,6.470000000000001,0.5625,2
15.397170066833496,0.0001194346696138382,30.795724868774414,0.08116224408149719,6.198490619659424,7.995334453880787e-05,17,256,4.970000000000001,0.4375,2
15.382123947143555,-0.0018569231033325195,30.769620895385742,0.0829610675573349,2.2265524864196777,0.00015155563596636057,18,256,5.345000000000001,0.46875,2
15.386065483093262,0.000265270471572876,30.773290634155273,0.08451788872480392,6.082087516784668,0.00010469730477780104,19,256,6.470000000000001,0.5625,2
15.190502166748047,-2.039596438407898e-05,30.382741928100586,0.08483501523733139,2.4543251991271973,3.777560777962208e-06,20,256,6.095000000000001,0.53125,2
15.184453010559082,-0.00011764839291572571,30.370849609375,0.08542506396770477,0.6995607614517212,3.5564182326197624e-05,21,256,6.095000000000001,0.53125,2
15.745952606201172,-0.0014759823679924011,31.496585845947266,0.08635885268449783,8.245393753051758,0.00021964497864246368,22,256,4.970000000000001,0.4375,2
16.027889251708984,0.0012111887335777283,32.05508804321289,0.08661593496799469,16.931196212768555,0.0002309849951416254,23,256,3.4700000000000006,0.3125,2
15.137402534484863,0.0010791905224323273,30.27437400817871,0.08636902272701263,7.526243209838867,7.528462447226048e-05,24,256,4.595000000000001,0.40625,2
14.933937072753906,-0.0005913525819778442,29.870771408081055,0.0857534110546112,1.2362922430038452,0.00012015341781079769,25,256,5.345000000000001,0.46875,2
14.945040702819824,0.00019294023513793945,29.891401290893555,0.08522326499223709,2.883103370666504,5.2691902965307236e-06,26,256,5.345000000000001,0.46875,2
15.258246421813965,-0.0001546218991279602,30.518516540527344,0.08577384054660797,1.4556736946105957,4.3742358684539795e-05,27,256,5.345000000000001,0.46875,2
15.09626293182373,-0.0005066730082035065,30.195270538330078,0.086554154753685,1.1627764701843262,0.0003118603490293026,28,256,5.345000000000001,0.46875,2
15.085299491882324,-0.0004635322839021683,30.17325210571289,0.08627628535032272,5.254029273986816,0.0004200381226837635,29,256,6.470000000000001,0.5625,2
15.021268844604492,-0.0023493487387895584,30.04892349243164,0.0844108909368515,3.6670331954956055,0.0004790850216522813,30,256,6.470000000000001,0.5625,2
14.787123680114746,-0.005244612693786621,29.586322784423828,0.07939106971025467,3.699901580810547,0.000910823349840939,31,256,6.845000000000001,0.59375,2
14.207043647766113,-0.0014062225818634033,28.418312072753906,0.07061678171157837,6.042679786682129,0.0013556868070736527,32,256,7.595000000000001,0.65625,2
15.921828269958496,-0.0013118088245391846,31.847536087036133,0.06278765201568604,7.926760196685791,0.0003260618541389704,33,256,5.720000000000001,0.5,2
16.29380989074707,0.001050841063261032,32.58668518066406,0.05833768844604492,10.370767593383789,0.00012323539704084396,34,256,5.345000000000001,0.46875,2
16.36258888244629,0.00018646754324436188,32.72594451904297,0.05702294409275055,11.577432632446289,4.129484295845032e-06,35,256,4.970000000000001,0.4375,2
15.052286148071289,-2.2590160369873047e-05,30.10577392578125,0.057772111147642136,0.6030022501945496,1.1249911040067673e-05,36,256,6.470000000000001,0.5625,2
15.857995986938477,0.0010372176766395569,31.715105056762695,0.05943967029452324,9.6426420211792,2.823350951075554e-05,37,256,4.595000000000001,0.40625,2
15.278287887573242,-0.0015187561511993408,30.560903549194336,0.06450363993644714,1.6578327417373657,0.00028208550065755844,38,256,5.345000000000001,0.46875,2
15.74929141998291,0.00036144256591796875,31.499250411987305,0.06955594569444656,18.43366241455078,0.0002495935186743736,39,256,8.345,0.71875,2
15.443765640258789,-0.0030815880745649338,30.895057678222656,0.06814996153116226,1.9656810760498047,0.0001863522920757532,40,256,5.720000000000001,0.5,2
15.054179191589355,-0.0007598251104354858,30.111013412475586,0.056704968214035034,9.485676765441895,0.0010456241434440017,41,256,7.220000000000001,0.625,2
15.161247253417969,-0.000141192227602005,30.32377815246582,0.05003304034471512,5.695895671844482,0.00036902399733662605,42,256,4.970000000000001,0.4375,2
15.102603912353516,8.827075362205505e-05,30.205982208251953,0.04758954048156738,7.509267807006836,3.5690609365701675e-06,43,256,4.595000000000001,0.40625,2
14.617053031921387,-7.394514977931976e-05,29.23522186279297,0.04833509773015976,14.964674949645996,3.8673169910907745e-06,44,256,3.0950000000000006,0.28125,2
15.35051441192627,0.00019048713147640228,30.701629638671875,0.049144916236400604,9.611456871032715,7.862923666834831e-06,45,256,6.845000000000001,0.59375,2
14.490437507629395,-0.00014977902173995972,28.982187271118164,0.05061301961541176,8.104618072509766,1.0916264727711678e-05,46,256,3.8450000000000006,0.34375,2
15.117506980895996,9.594298899173737e-05,30.23588752746582,0.05333540961146355,4.20338773727417,6.353715434670448e-06,47,256,5.720000000000001,0.5,2
15.480032920837402,-0.0006794538348913193,30.96240997314453,0.04929567873477936,3.0250284671783447,2.744351513683796e-05,48,256,5.720000000000001,0.5,2
15.208576202392578,0.0015797410160303116,30.414884567260742,0.04449877887964249,5.775810241699219,8.432869799435139e-05,49,256,6.470000000000001,0.5625,2
14.986047744750977,-0.0013333596289157867,29.97574234008789,0.04905374348163605,0.8870680332183838,0.00012690434232354164,50,256,5.720000000000001,0.5,2
14.48950481414795,0.0015875883400440216,28.97701072692871,0.05888307839632034,8.147377014160156,0.00022738170810043812,51,256,7.220000000000001,0.625,2
14.967765808105469,0.0003639794886112213,29.936065673828125,0.06311605125665665,1.2787967920303345,0.0001216488890349865,52,256,6.470000000000001,0.5625,2
15.328295707702637,0.000120602548122406,30.657676696777344,0.06629622727632523,6.645292282104492,4.8172660171985626e-05,53,256,5.345000000000001,0.46875,2
15.23592758178711,7.789582014083862e-05,30.473041534423828,0.06713743507862091,3.5834250450134277,2.3173633962869644e-06,54,256,5.720000000000001,0.5,2
15.0160493850708,-4.746764898300171e-05,30.03348159790039,0.06433799117803574,2.171433210372925,0.00010364502668380737,55,256,6.470000000000001,0.5625,2
15.111763954162598,0.00022780895233154297,30.224327087402344,0.06276483833789825,4.499111652374268,4.790490493178368e-06,56,256,5.345000000000001,0.46875,2
15.022397994995117,-0.0007327273488044739,30.04757308959961,0.0656527727842331,3.1322715282440186,9.647756814956665e-05,57,256,5.345000000000001,0.46875,2
14.51473617553711,0.000234946608543396,29.030437469482422,0.07170142233371735,6.181396007537842,0.0004462939687073231,58,256,4.220000000000001,0.375,2
15.236973762512207,-0.00038718804717063904,30.47624969482422,0.07634603977203369,7.301135063171387,0.00022439321037381887,59,256,6.095000000000001,0.53125,2
14.391190528869629,0.0001539122313261032,28.783607482910156,0.07671137154102325,1.6905086040496826,1.1033844202756882e-05,60,256,4.595000000000001,0.40625,2
14.899925231933594,1.6283243894577026e-05,29.80136489868164,0.07736879587173462,3.7062876224517822,8.059549145400524e-06,61,256,5.345000000000001,0.46875,2
14.686383247375488,0.00037695467472076416,29.37354850769043,0.07672812044620514,2.4448819160461426,6.1447499319911e-06,62,256,4.595000000000001,0.40625,2
14.247997283935547,-0.00019556283950805664,28.497955322265625,0.07848665118217468,1.2083230018615723,7.325655315071344e-05,63,256,4.595000000000001,0.40625,2
16.742578506469727,0.0009692162275314331,33.484825134277344,0.08034204691648483,15.414233207702637,4.47053462266922e-05,64,256,7.220000000000001,0.625,2
15.588000297546387,0.0001299288123846054,31.17735481262207,0.08067823201417923,6.4818243980407715,3.925524652004242e-06,65,256,5.720000000000001,0.5,2
15.283300399780273,-3.371387720108032e-05,30.568275451660156,0.0804007276892662,10.796204566955566,1.0925577953457832e-06,66,256,6.845000000000001,0.59375,2
14.372635841369629,6.041675806045532e-05,28.74676513671875,0.08067154139280319,4.815210342407227,3.579072654247284e-06,67,256,4.595000000000001,0.40625,2
14.952019691467285,-0.002565814182162285,29.91072654724121,0.0777873545885086,1.6705975532531738,0.00034224288538098335,68,256,5.720000000000001,0.5,2
14.756279945373535,-0.0024263896048069,29.518781661987305,0.06850798428058624,9.227011680603027,0.0009273478062823415,69,256,7.220000000000001,0.625,2
14.459454536437988,0.0010862499475479126,28.917980194091797,0.06218288093805313,5.043725967407227,0.00020639528520405293,70,256,4.970000000000001,0.4375,2
14.289316177368164,-0.0009352713823318481,28.581674575805664,0.05852852389216423,8.298203468322754,6.745359860360622e-05,71,256,7.220000000000001,0.625,2
13.49853229522705,0.00035993754863739014,26.9974308013916,0.05427231267094612,8.001795768737793,3.060838207602501e-05,72,256,7.220000000000001,0.625,2
14.242238998413086,7.524341344833374e-05,28.48540687561035,0.05398326367139816,6.102299690246582,2.496642991900444e-06,73,256,4.970000000000001,0.4375,2
13.570812225341797,-0.00012928247451782227,27.142990112304688,0.055288638919591904,6.622623920440674,5.349982529878616e-06,74,256,6.845000000000001,0.59375,2
14.037679672241211,-0.00042256712913513184,28.077335357666016,0.05657409504055977,2.0552518367767334,4.026130773127079e-05,75,256,6.095000000000001,0.53125,2
13.252591133117676,0.0006571710109710693,26.505035400390625,0.05840490013360977,3.076730966567993,9.811948984861374e-06,76,256,6.095000000000001,0.53125,2
12.970129013061523,-0.0006040222942829132,25.94269561767578,0.06152406707406044,3.3129730224609375,8.356082253158092e-05,77,256,5.345000000000001,0.46875,2
14.672589302062988,1.8712133169174194e-05,29.34640884399414,0.06341403722763062,3.578937530517578,2.855248749256134e-05,78,256,5.720000000000001,0.5,2
13.799067497253418,-0.0012178532779216766,27.60171890258789,0.057439420372247696,2.9176783561706543,0.00018609734252095222,79,256,6.470000000000001,0.5625,2
13.717873573303223,-0.0004363320767879486,27.437671661376953,0.05253908038139343,2.9308176040649414,0.0005926068406552076,80,256,6.845000000000001,0.59375,2
13.44636058807373,0.00018930062651634216,26.893287658691406,0.04721472039818764,1.9626131057739258,0.00016500125639140606,81,256,7.220000000000001,0.625,2
13.94173812866211,-1.251325011253357e-05,27.88444709777832,0.047262221574783325,12.1209716796875,2.0326115190982819e-07,82,256,5.345000000000001,0.46875,2
12.131155014038086,-0.0006986185908317566,24.264713287353516,0.05027854070067406,6.296604633331299,7.11972825229168e-05,83,256,5.345000000000001,0.46875,2
12.756734848022461,-0.0026383474469184875,25.519893646240234,0.057351961731910706,9.72183895111084,0.0001893201842904091,84,256,6.470000000000001,0.5625,2
12.124672889709473,0.0003176480531692505,24.249895095825195,0.059216342866420746,2.6354434490203857,1.2303236871957779e-05,85,256,5.345000000000001,0.46875,2
13.642806053161621,-0.002156239002943039,27.291154861450195,0.061502162367105484,3.1256930828094482,9.940750896930695e-05,86,256,4.595000000000001,0.40625,2
14.045011520385742,0.0013473350554704666,28.088642120361328,0.06574040651321411,9.954327583312988,5.719414912164211e-05,87,256,7.595000000000001,0.65625,2
13.462530136108398,6.277486681938171e-05,26.926240921020508,0.06535445153713226,18.904653549194336,6.0105230659246445e-06,88,256,3.0950000000000006,0.28125,2
14.580829620361328,-0.0002823770046234131,29.163618087768555,0.06974969059228897,4.449093818664551,0.00017608085181564093,89,256,4.970000000000001,0.4375,2
11.673169136047363,0.002594992518424988,23.342653274536133,0.07521123439073563,7.252222061157227,0.00038633926305919886,90,256,3.4700000000000006,0.3125,2
17.003923416137695,0.0001974925398826599,34.008968353271484,0.07585464417934418,12.614588737487793,1.1826981790363789e-05,91,256,5.720000000000001,0.5,2
16.0196533203125,-0.0009787976741790771,32.04268264770508,0.07097839564085007,10.354429244995117,0.0007067634724080563,92,256,6.095000000000001,0.53125,2
13.418460845947266,-0.0035050176084041595,26.845157623291016,0.061299972236156464,3.59586763381958,0.0007939926581457257,93,256,6.095000000000001,0.53125,2
11.141363143920898,0.00010173767805099487,22.283584594726562,0.053133774548769,5.472688674926758,5.907122977077961e-05,94,256,5.720000000000001,0.5,2
12.90318775177002,0.0004954561591148376,25.80640411376953,0.05102669447660446,3.1635541915893555,2.4273060262203217e-05,95,256,6.470000000000001,0.5625,2
11.663793563842773,6.362795829772949e-06,23.328601837158203,0.05141892284154892,3.2954013347625732,1.8673017621040344e-07,96,256,6.470000000000001,0.5625,2
11.083343505859375,-0.0002910122275352478,22.16826820373535,0.049959976226091385,5.379824638366699,5.1103997975587845e-06,97,256,5.345000000000001,0.46875,2
12.014801979064941,-0.000582914799451828,24.03177833557129,0.05042276531457901,7.675434589385986,6.4498744904994965e-06,98,256,6.095000000000001,0.53125,2
12.628124237060547,-0.00122169591486454,25.259761810302734,0.053515076637268066,5.706344127655029,6.89083244651556e-05,99,256,6.470000000000001,0.5625,2
11.582769393920898,0.00023955292999744415,23.16621208190918,0.05764254182577133,9.370950698852539,7.29693565517664e-05,100,256,4.970000000000001,0.4375,2
12.136356353759766,0.0004389360547065735,24.273059844970703,0.061249349266290665,2.177931785583496,6.905174814164639e-05,101,256,5.720000000000001,0.5,2
13.232568740844727,5.463510751724243e-05,26.46627426147461,0.062255192548036575,7.707878589630127,3.4226104617118835e-06,102,256,6.845000000000001,0.59375,2
13.47675609588623,-0.0008746236562728882,26.956470489501953,0.0604897141456604,4.483128547668457,4.412839189171791e-05,103,256,4.970000000000001,0.4375,2
11.811989784240723,0.0005228091031312943,23.624107360839844,0.05867065116763115,4.577060222625732,1.0372372344136238e-05,104,256,5.720000000000001,0.5,2
11.575859069824219,6.671994924545288e-05,23.152790069580078,0.06027616560459137,3.0618505477905273,1.8117716535925865e-05,105,256,4.970000000000001,0.4375,2
12.058311462402344,-0.00035011209547519684,24.118558883666992,0.06184191629290581,7.024237632751465,1.4603370800614357e-05,106,256,6.470000000000001,0.5625,2
13.975751876831055,0.00013770535588264465,27.952499389648438,0.06347174197435379,6.37218713760376,1.2905802577733994e-05,107,256,4.220000000000001,0.375,2
12.731513977050781,-0.00021773763000965118,25.46477508544922,0.06558196991682053,2.301697015762329,9.680562652647495e-05,108,256,4.595000000000001,0.40625,2
13.95315170288086,0.00010818243026733398,27.907455444335938,0.06837228685617447,7.807424545288086,3.080349415540695e-05,109,256,6.095000000000001,0.53125,2
12.493237495422363,-0.0012508798390626907,24.99039077758789,0.07070620357990265,1.6928718090057373,7.51330517232418e-05,110,256,4.970000000000001,0.4375,2
11.166683197021484,-0.00019724667072296143,22.335315704345703,0.07776238024234772,5.250333786010742,0.0003361186245456338,111,256,6.470000000000001,0.5625,2
13.436692237854004,-0.0017778519541025162,26.87858772277832,0.08239517360925674,7.799039840698242,0.0004650459159165621,112,256,4.220000000000001,0.375,2
18.525896072387695,-0.0005319938063621521,37.054561614990234,0.08525411784648895,8.339054107666016,0.000493191066198051,113,256,5.720000000000001,0.5,2
15.165377616882324,0.0007506553083658218,30.330976486206055,0.08607139438390732,5.413676738739014,4.935474134981632e-05,114,256,5.345000000000001,0.46875,2
17.17123031616211,2.0192936062812805e-05,34.344139099121094,0.08609023690223694,5.495340347290039,8.088536560535431e-07,115,256,5.345000000000001,0.46875,2
14.812525749206543,-0.0009616687893867493,29.628681182861328,0.08532784134149551,1.803241491317749,0.0001652357168495655,116,256,6.095000000000001,0.53125,2
14.030024528503418,0.0005920752882957458,28.060531616210938,0.08337051421403885,0.9435941576957703,0.00010705424938350916,117,256,6.095000000000001,0.53125,2
15.217652320861816,-0.000651434063911438,30.438312530517578,0.08529321849346161,1.57054603099823,0.00026059162337332964,118,256,6.095000000000001,0.53125,2
16.461345672607422,0.0011438596993684769,32.9221305847168,0.0864926278591156,7.334447860717773,0.00029793987050652504,119,256,5.345000000000001,0.46875,2
14.417643547058105,0.000276029109954834,28.836467742919922,0.08660806715488434,9.73365592956543,1.009996049106121e-05,120,256,7.970000000000001,0.6875,2
17.019611358642578,-8.380599319934845e-05,34.04112243652344,0.0866033136844635,14.17131519317627,1.1485535651445389e-06,121,256,4.220000000000001,0.375,2
14.865031242370605,-0.0020543448626995087,29.73589515686035,0.08616641163825989,1.2127914428710938,0.0006620539352297783,122,256,6.095000000000001,0.53125,2
15.754232406616211,-0.0003384910523891449,31.510761260986328,0.08096344769001007,17.033048629760742,0.00176850741263479,123,256,3.4700000000000006,0.3125,2
16.13357162475586,0.0030067823827266693,32.262638092041016,0.07542026042938232,8.590803146362305,0.0004579081432893872,124,256,4.595000000000001,0.40625,2
16.88204574584961,2.687796950340271e-05,33.765499114990234,0.07308059185743332,3.938971757888794,4.536740016192198e-05,125,256,5.720000000000001,0.5,2
17.18251609802246,1.9881874322891235e-05,34.366432189941406,0.0719301775097847,15.759354591369629,9.236391633749008e-06,126,256,7.595000000000001,0.65625,2
16.471111297607422,-0.0005150586366653442,32.9447021484375,0.0725354552268982,11.786441802978516,1.0789604857563972e-05,127,256,7.220000000000001,0.625,2
15.99111270904541,-0.0020067542791366577,31.98778533935547,0.07736069709062576,2.5077779293060303,0.0003478501457720995,128,256,5.345000000000001,0.46875,2
15.544650077819824,-0.0008188299834728241,31.092615127563477,0.08382853865623474,1.3981188535690308,0.0010787220671772957,129,256,5.345000000000001,0.46875,2
15.37082576751709,-0.0006097331643104553,30.744600296020508,0.08654560148715973,2.7456467151641846,0.0009309370070695877,130,256,4.970000000000001,0.4375,2
15.009420394897461,-0.004340682178735733,30.029232025146484,0.08541081100702286,3.9464564323425293,0.0012819783296436071,131,256,4.595000000000001,0.40625,2
15.130098342895508,-0.0004325658082962036,30.262638092041016,0.07878213375806808,0.6040990352630615,0.0019379527075216174,132,256,4.970000000000001,0.4375,2
14.674856185913086,-0.0009757541120052338,29.353012084960938,0.06743631511926651,0.9717422127723694,0.00158158247359097,133,256,4.595000000000001,0.40625,2
16.350542068481445,-0.0027755536139011383,32.707855224609375,0.06109023094177246,13.211966514587402,0.00031659449450671673,134,256,6.470000000000001,0.5625,2
15.244024276733398,-0.002279631793498993,30.493677139282227,0.05353955924510956,4.815284729003906,0.0005607735365629196,135,256,5.345000000000001,0.46875,2
14.815247535705566,-0.0013900529593229294,29.634159088134766,0.04417803883552551,1.3628581762313843,0.00047362293116748333,136,256,4.970000000000001,0.4375,2
15.362944602966309,-0.00022025033831596375,30.72709083557129,0.038012243807315826,7.297415733337402,0.00020859274081885815,137,256,6.095000000000001,0.53125,2
15.28728199005127,-0.0010019876062870026,30.577241897583008,0.0337047204375267,12.69124984741211,9.490526281297207e-05,138,256,7.220000000000001,0.625,2
14.706159591674805,-0.00033088773488998413,29.41358757019043,0.030340315774083138,4.507556438446045,7.211463525891304e-05,139,256,4.970000000000001,0.4375,2
14.525988578796387,0.0001694895327091217,29.052223205566406,0.02929132804274559,4.487729549407959,1.1308584362268448e-06,140,256,4.970000000000001,0.4375,2
14.0886869430542,-0.00019333884119987488,28.178380966186523,0.030990198254585266,10.98726749420166,1.421547494828701e-05,141,256,3.8450000000000006,0.34375,2
14.524101257324219,-1.4197081327438354e-05,29.04888343811035,0.03260618448257446,7.477309703826904,9.683426469564438e-07,142,256,6.470000000000001,0.5625,2
14.342495918273926,-7.972121238708496e-05,28.685806274414062,0.032703399658203125,6.5310211181640625,2.2747553884983063e-07,143,256,6.470000000000001,0.5625,2
14.073114395141602,-0.0004538893699645996,28.147756576538086,0.030980557203292847,7.059186935424805,1.4882767572999e-05,144,256,4.595000000000001,0.40625,2
14.165934562683105,-0.0012444332242012024,28.334917068481445,0.027904262766242027,3.3205316066741943,0.00012247147969901562,145,256,6.095000000000001,0.53125,2
13.786972999572754,7.762014865875244e-05,27.574275970458984,0.024267185479402542,3.342446804046631,6.217882037162781e-05,146,256,5.345000000000001,0.46875,2
13.349809646606445,0.00022314861416816711,26.699626922607422,0.022736677899956703,9.606741905212402,8.891336619853973e-06,147,256,7.220000000000001,0.625,2
12.965498924255371,-0.0003830958157777786,25.93218994140625,0.021236103028059006,3.8051822185516357,1.039775088429451e-05,148,256,6.470000000000001,0.5625,2
12.760688781738281,0.0003932192921638489,25.5209903717041,0.01997905597090721,6.47592306137085,1.1101597920060158e-05,149,256,7.220000000000001,0.625,2
11.985225677490234,-8.388794958591461e-05,23.97100830078125,0.019453201442956924,5.983442783355713,2.7904752641916275e-06,150,256,7.595000000000001,0.65625,2
13.536581039428711,-0.0002547129988670349,27.074050903320312,0.018930695950984955,12.927955627441406,4.05055470764637e-06,151,256,4.970000000000001,0.4375,2
12.728036880493164,4.788488149642944e-05,25.456350326538086,0.018562642857432365,9.866055488586426,1.7997808754444122e-07,152,256,5.345000000000001,0.46875,2
10.91788101196289,1.1824071407318115e-05,21.83612060546875,0.019047126173973083,9.45320987701416,1.909211277961731e-08,153,256,7.970000000000001,0.6875,2
10.993585586547852,2.2724270820617676e-06,21.987550735473633,0.01918342523276806,4.56231689453125,2.7474015951156616e-08,154,256,6.470000000000001,0.5625,2
10.965298652648926,-1.3813376426696777e-05,21.931013107299805,0.01941809058189392,4.541873455047607,1.955777406692505e-08,155,256,6.470000000000001,0.5625,2
10.250968933105469,-0.00012335367500782013,20.502567291259766,0.019205354154109955,3.889108180999756,9.748619049787521e-07,156,256,5.720000000000001,0.5,2
9.331315040588379,-4.860386252403259e-05,18.663124084472656,0.019849350675940514,4.2282233238220215,3.764871507883072e-07,157,256,5.345000000000001,0.46875,2
9.746112823486328,1.623108983039856e-05,19.49262046813965,0.02134808897972107,8.385132789611816,6.472691893577576e-08,158,256,6.095000000000001,0.53125,2
10.17353343963623,0.0005897842347621918,20.34625816345215,0.018498238176107407,3.7736146450042725,3.3052871003746986e-05,159,256,6.095000000000001,0.53125,2
10.35497760772705,-0.0006464868783950806,20.711589813232422,0.017106542363762856,7.017920017242432,1.8098857253789902e-05,160,256,4.970000000000001,0.4375,2
8.62456226348877,-3.6269426345825195e-05,17.249521255493164,0.016172032803297043,6.9247846603393555,2.7474015951156616e-07,161,256,7.220000000000001,0.625,2
8.603014945983887,0.0005226172506809235,17.205276489257812,0.014612779952585697,6.530211925506592,2.6153400540351868e-05,162,256,7.595000000000001,0.65625,2
11.25462818145752,7.420778274536133e-05,22.50938606262207,0.013919650577008724,11.524622917175293,2.984423190355301e-06,163,256,4.595000000000001,0.40625,2
9.589749336242676,8.41338187456131e-05,19.179615020751953,0.01421767845749855,5.4056010246276855,5.802139639854431e-07,164,256,4.970000000000001,0.4375,2
8.591324806213379,-4.045665264129639e-06,17.182947158813477,0.014453349635004997,6.307566165924072,1.3504177331924438e-08,165,256,6.845000000000001,0.59375,2
9.39095401763916,2.7433037757873535e-05,18.782142639160156,0.014470423571765423,2.4877359867095947,5.3783878684043884e-08,166,256,5.345000000000001,0.46875,2
9.950430870056152,0.0010535679757595062,19.899072647094727,0.01594073511660099,6.6111273765563965,4.441710188984871e-05,167,256,4.970000000000001,0.4375,2
8.225595474243164,-0.00010552816092967987,16.45179557800293,0.01965266279876232,2.1870319843292236,3.688037395477295e-06,168,256,4.970000000000001,0.4375,2
10.194417953491211,-0.0002397298812866211,20.38974380493164,0.021486962214112282,12.92106819152832,5.727633833885193e-06,169,256,6.845000000000001,0.59375,2
10.424503326416016,-0.00014927983283996582,20.84966468811035,0.01793193444609642,7.762458324432373,0.00018214178271591663,170,256,6.845000000000001,0.59375,2
9.118927955627441,0.000926721841096878,18.236289978027344,0.014426746405661106,2.2253308296203613,7.790746167302132e-05,171,256,6.470000000000001,0.5625,2
10.18996810913086,-8.858740329742432e-06,20.380233764648438,0.014004340395331383,16.79755401611328,1.0244548320770264e-08,172,256,3.47,0.3125,2
9.093417167663574,-0.00040384382009506226,18.187910079956055,0.013479000888764858,1.5338573455810547,7.34720379114151e-06,173,256,6.845000000000001,0.59375,2
9.05344295501709,8.305162191390991e-05,18.106948852539062,0.011488616466522217,5.468122482299805,4.6798959374427795e-07,174,256,4.970000000000001,0.4375,2
9.421439170837402,-0.0004048198461532593,18.843894958496094,0.010441461578011513,4.432494640350342,1.3245269656181335e-05,175,256,4.970000000000001,0.4375,2
8.412346839904785,1.8544495105743408e-05,16.824848175048828,0.009540997445583344,1.8107185363769531,1.0011717677116394e-07,176,256,6.095000000000001,0.53125,2
8.593104362487793,2.421438694000244e-07,17.1863956451416,0.009357026778161526,6.08290433883667,0.0,177,256,4.595000000000001,0.40625,2
8.609428405761719,2.738088369369507e-06,17.219043731689453,0.009623094461858273,4.067605495452881,5.820766091346741e-09,178,256,6.470000000000001,0.5625,2
8.934150695800781,4.083290696144104e-05,17.86841583251953,0.009808390401303768,2.9134585857391357,2.2188760340213776e-07,179,256,4.595000000000001,0.40625,2
9.262913703918457,-9.01445746421814e-05,18.526208877563477,0.009978478774428368,3.1728622913360596,3.939494490623474e-07,180,256,5.345000000000001,0.46875,2
9.678974151611328,3.203563392162323e-05,19.35809898376465,0.01075725257396698,2.3633058071136475,9.432435035705566e-06,181,256,4.970000000000001,0.4375,2
10.9843111038208,-7.911399006843567e-05,21.968996047973633,0.01074344664812088,4.0503387451171875,2.1655578166246414e-06,182,256,6.470000000000001,0.5625,2
9.241005897521973,-0.00037614256143569946,18.48295783996582,0.009765379130840302,2.5565388202667236,1.1364230886101723e-05,183,256,5.345000000000001,0.46875,2
9.322260856628418,-0.0007349029183387756,18.646162033081055,0.008448038250207901,2.0778915882110596,4.4475309550762177e-05,184,256,5.345000000000001,0.46875,2
10.008979797363281,0.0012256782501935959,20.01563262939453,0.006177883129566908,13.54314136505127,0.00019186479039490223,185,256,7.970000000000001,0.6875,2
8.40147590637207,-4.738569259643555e-06,16.803049087524414,0.004415609408169985,1.995941400527954,2.2118911147117615e-07,186,256,6.095000000000001,0.53125,2
8.359203338623047,-2.168118953704834e-06,16.718482971191406,0.00359355378895998,1.808820366859436,4.7963112592697144e-08,187,256,6.470000000000001,0.5625,2
8.598882675170898,2.0712614059448242e-06,17.197826385498047,0.003284804755821824,3.273449420928955,4.656612873077393e-10,188,256,5.720000000000001,0.5,2
8.852282524108887,2.332031726837158e-06,17.704626083374023,0.0032063026446849108,4.952059745788574,0.0,189,256,4.970000000000001,0.4375,2
8.19150447845459,2.60770320892334e-07,16.383071899414062,0.003119838424026966,3.1299240589141846,0.0,190,256,6.845000000000001,0.59375,2
8.28893756866455,-1.296401023864746e-06,16.57793617248535,0.0029947543516755104,1.0762945413589478,0.0,191,256,6.470000000000001,0.5625,2
8.265728950500488,-6.593763828277588e-07,16.531518936157227,0.0029454261530190706,0.7889461517333984,0.0,192,256,6.470000000000001,0.5625,2
9.6215238571167,-0.00019732676446437836,19.243499755859375,0.0028476975858211517,6.1708760261535645,2.6391353458166122e-06,193,256,4.970000000000001,0.4375,2
9.043150901794434,-0.0011970512568950653,18.088743209838867,0.0023378741461783648,0.9394692778587341,8.291052654385567e-05,194,256,6.470000000000001,0.5625,2
8.538898468017578,1.2245029211044312e-05,17.077804565429688,0.001663030358031392,2.959282875061035,1.4901161193847656e-08,195,256,5.345000000000001,0.46875,2
8.4854154586792,4.794448614120483e-06,16.970849990844727,0.0014154748059809208,3.1904051303863525,0.0,196,256,4.970000000000001,0.4375,2
9.211044311523438,-0.0011287406086921692,18.42436981201172,0.0011422517709434032,1.5314439535140991,8.544465526938438e-05,197,256,6.095000000000001,0.53125,2
8.315530776977539,-1.004338264465332e-05,16.6310977935791,0.0007962622912600636,10.123518943786621,0.0,198,256,8.345,0.71875,2
8.380977630615234,-1.0728836059570312e-06,16.7619686126709,0.0006024293834343553,2.045715570449829,0.0,199,256,6.470000000000001,0.5625,2
8.724223136901855,1.6745179891586304e-06,17.44845199584961,0.0005174392717890441,6.923769474029541,0.0,200,256,4.220000000000001,0.375,2
10.045967102050781,-9.313225746154785e-08,20.09193992614746,0.00031388914794661105,9.511367797851562,0.0,201,384,7.755000000000001,0.65625,4
9.968734741210938,2.95539706485215e-07,19.937475204467773,0.0002765906392596662,1.0714095830917358,0.0,202,384,6.630000000000001,0.5625,4
11.020435333251953,3.3030906365638657e-07,22.040876388549805,0.000257057195995003,13.050311088562012,0.0,203,384,4.380000000000001,0.375,4
10.225982666015625,-5.4637592228345966e-08,20.45197105407715,0.00025339401327073574,2.598083734512329,0.0,204,384,5.880000000000001,0.5,4
10.121284484863281,-6.208816927255612e-08,20.24257469177246,0.00025800071307457983,1.3000843524932861,0.0,205,384,6.255000000000001,0.53125,4
9.65683364868164,-1.5894572413799324e-07,19.31367301940918,0.0002477515663485974,6.227538108825684,0.0,206,384,7.755000000000001,0.65625,4
10.8612642288208,1.9868215517249155e-08,21.7225341796875,0.00024123216280713677,11.126415252685547,0.0,207,384,4.755000000000001,0.40625,4
9.766393661499023,-5.4637592228345966e-08,19.532793045043945,0.0002437342918710783,2.2970900535583496,0.0,208,384,7.005000000000001,0.59375,4
10.435189247131348,-1.018246038597681e-07,20.870384216308594,0.0002476612862665206,5.898314952850342,0.0,209,384,5.130000000000001,0.4375,4
10.322132110595703,-4.3213367462158203e-07,20.644269943237305,0.0002655315911397338,5.317411422729492,0.0,210,384,4.755000000000001,0.40625,4
10.203346252441406,-2.7815499947791977e-07,20.40669822692871,0.0002835978229995817,1.92775297164917,0.0,211,384,5.505000000000001,0.46875,4
10.19139289855957,-1.2914340175029793e-07,20.38279151916504,0.00029520003590732813,2.0226261615753174,0.0,212,384,5.505000000000001,0.46875,4
10.189169883728027,-3.973643103449831e-08,20.378345489501953,0.0003285848943050951,1.2151886224746704,0.0,213,384,5.505000000000001,0.46875,4
9.918703079223633,-6.755192885066208e-07,19.83741569519043,0.00039971424848772585,1.1349728107452393,0.0,214,384,4.755000000000001,0.40625,4
10.059478759765625,-4.023313522338867e-07,20.118967056274414,0.00046330210170708597,2.857743978500366,0.0,215,384,5.130000000000001,0.4375,4
10.86087703704834,-9.66091988630069e-07,21.721763610839844,0.00040209872531704605,9.239509582519531,0.0,216,384,7.005000000000001,0.59375,4
10.427546501159668,-1.3560056686401367e-06,20.8551025390625,0.00033414619974792004,4.4902544021606445,0.0,217,384,6.630000000000001,0.5625,4
10.352557182312012,-3.8743019104003906e-07,20.705120086669922,0.00028832766111008823,4.203139305114746,0.0,218,384,5.505000000000001,0.46875,4
10.05099105834961,1.4901161193847656e-08,20.101987838745117,0.00028074407600797713,1.370986819267273,0.0,219,384,5.880000000000001,0.5,4
10.245002746582031,-7.450580596923828e-08,20.49001121520996,0.00027082840097136796,8.606157302856445,0.0,220,384,7.380000000000001,0.625,4
10.100786209106445,-2.4835268064293814e-08,20.20157814025879,0.0002529635967221111,4.897088527679443,0.0,221,384,7.005000000000001,0.59375,4
10.100468635559082,-4.967053612858763e-08,20.20094108581543,0.00023257960856426507,1.2701109647750854,0.0,222,384,6.255000000000001,0.53125,4
10.06375789642334,-1.4901161193847656e-08,20.127519607543945,0.00022605359845329076,0.9018411636352539,0.0,223,384,6.255000000000001,0.53125,4
10.478691101074219,1.4901161193847656e-08,20.957386016845703,0.0002248597302241251,7.048628330230713,0.0,224,384,4.755000000000001,0.40625,4
10.33863353729248,-2.0613272511127434e-07,20.677270889282227,0.00023258540022652596,9.2445650100708,0.0,225,384,4.005000000000001,0.34375,4
10.282973289489746,-2.7318796114172983e-08,20.565950393676758,0.00023631833028048277,2.844146251678467,0.0,226,384,6.255000000000001,0.53125,4
10.121862411499023,7.202228147207279e-08,20.243728637695312,0.00023195396352093667,1.5445170402526855,0.0,227,384,6.255000000000001,0.53125,4
10.272494316101074,9.934107758624577e-09,20.544992446899414,0.00023068788868840784,3.869464874267578,0.0,228,384,5.505000000000001,0.46875,4
10.07961368560791,2.9802322387695312e-08,20.159231185913086,0.00023340062762144953,3.6163716316223145,0.0,229,384,7.005000000000001,0.59375,4
10.152734756469727,-4.967053612858763e-08,20.30547332763672,0.00023832749866414815,3.0948259830474854,0.0,230,384,5.505000000000001,0.46875,4
10.351720809936523,-1.7881393432617188e-07,20.703447341918945,0.00024783919798210263,6.821319103240967,0.0,231,384,4.380000000000001,0.375,4
10.134589195251465,-7.450580596923828e-08,20.269184112548828,0.00024747996940277517,0.8591921329498291,0.0,232,384,5.880000000000001,0.5,4
10.0337495803833,-4.470348358154297e-08,20.0675048828125,0.00024827432935126126,1.1406025886535645,0.0,233,384,5.880000000000001,0.5,4
9.940040588378906,-1.2790162884357414e-07,19.88008689880371,0.00026099992101080716,5.503851890563965,0.0,234,384,4.755000000000001,0.40625,4
9.980951309204102,-4.967053541804489e-07,19.961910247802734,0.00028963261866010725,7.548216342926025,0.0,235,384,4.005000000000001,0.34375,4
9.88411808013916,-5.21540641784668e-07,19.76824378967285,0.00032793250284157693,1.3897684812545776,0.0,236,384,5.130000000000001,0.4375,4
9.951218605041504,-0.0,19.90244483947754,0.0003700517991092056,1.0616695880889893,0.0,237,384,4.755000000000001,0.40625,4
10.912308692932129,-3.973643103449831e-08,21.82462501525879,0.0003768701571971178,9.420842170715332,0.0,238,384,6.630000000000001,0.5625,4
9.661747932434082,-1.738468853318409e-07,19.323503494262695,0.0003672919701784849,1.6773256063461304,0.0,239,384,4.380000000000001,0.375,4
10.359593391418457,-1.1920928955078125e-07,20.719194412231445,0.0003590453416109085,3.875699043273926,0.0,240,384,5.505000000000001,0.46875,4
9.211319923400879,-9.437402326284428e-08,18.42264747619629,0.00035823648795485497,3.3287405967712402,0.0,241,384,4.005000000000001,0.34375,4
10.402237892150879,2.4835269396561444e-09,20.80448341369629,0.00037537762545980513,4.6360578536987305,0.0,242,384,5.505000000000001,0.46875,4
11.158380508422852,-5.761782517765823e-07,22.316770553588867,0.00033853703644126654,10.26720905303955,0.0,243,384,7.005000000000001,0.59375,4
10.523036003112793,-4.818041929866013e-07,21.046079635620117,0.00028722110437229276,4.315713882446289,0.0,244,384,6.255000000000001,0.53125,4
10.478124618530273,-7.276733526850876e-07,20.956256866455078,0.00025887475931085646,9.618605613708496,0.0,245,384,7.755000000000001,0.65625,4
10.145783424377441,-1.4404456294414558e-07,20.29157257080078,0.00023860410146880895,1.679763674736023,0.0,246,384,6.255000000000001,0.53125,4
9.867958068847656,-1.9868215517249155e-08,19.735919952392578,0.00023591192439198494,5.734219551086426,0.0,247,384,7.380000000000001,0.625,4
9.32667064666748,-1.341104507446289e-07,18.653345108032227,0.00022747792536392808,7.283023834228516,0.0,248,384,8.13,0.6875,4
10.366955757141113,1.4901161193847656e-08,20.733915328979492,0.00022367207566276193,4.900623321533203,0.0,249,384,5.880000000000001,0.5,4
10.756254196166992,2.4835268064293814e-08,21.51251220703125,0.00022276626259554178,6.991053104400635,0.0,250,384,5.130000000000001,0.4375,4
9.399321556091309,-2.9802322387695312e-08,18.798646926879883,0.0002220372116426006,10.27475357055664,0.0,251,384,8.505,0.71875,4
10.459098815917969,1.9868215517249155e-08,20.918201446533203,0.00021865509916096926,4.451868057250977,0.0,252,384,5.505000000000001,0.46875,4
10.432906150817871,-1.4901161193847656e-08,20.865816116333008,0.00021929493232164532,5.568629741668701,0.0,253,384,5.130000000000001,0.4375,4
10.114583969116211,-3.725290298461914e-08,20.229171752929688,0.00021861626009922475,2.0184857845306396,0.0,254,384,6.630000000000001,0.5625,4
10.72510814666748,2.9802322387695312e-08,21.450220108032227,0.00021763546101283282,13.211748123168945,0.0,255,384,3.63,0.3125,4
10.2020902633667,-4.967053612858763e-08,20.404184341430664,0.00022031048138160259,1.146124243736267,0.0,256,384,5.880000000000001,0.5,4
10.180680274963379,-1.4404456294414558e-07,20.361364364624023,0.00022751306823920459,0.6455602645874023,0.0,257,384,5.880000000000001,0.5,4
10.099494934082031,-2.4835269396561444e-09,20.198993682861328,0.0002303914079675451,3.872774362564087,0.0,258,384,6.630000000000001,0.5625,4
9.882545471191406,-3.973643103449831e-08,19.765094757080078,0.00022640114184468985,7.697038650512695,0.0,259,384,7.755000000000001,0.65625,4
9.757966041564941,-4.22199555316638e-08,19.51593589782715,0.00022013054694980383,5.4861836433410645,0.0,260,384,7.755000000000001,0.65625,4
11.22957706451416,-3.973643103449831e-08,22.459157943725586,0.0002193694090237841,13.991429328918457,0.0,261,384,4.380000000000001,0.375,4
9.862961769104004,-2.2351741790771484e-08,19.725927352905273,0.0002239655441371724,0.9027562141418457,0.0,262,384,6.630000000000001,0.5625,4
10.427000999450684,-1.1920928955078125e-07,20.854005813598633,0.0002340801729587838,5.337316989898682,0.0,263,384,5.130000000000001,0.4375,4
10.227890014648438,-1.688798221266552e-07,20.455785751342773,0.0002487558522261679,3.7034130096435547,0.0,264,384,5.130000000000001,0.4375,4
10.134247779846191,-7.450580596923828e-08,20.26850128173828,0.00025053860736079514,1.0572317838668823,0.0,265,384,5.880000000000001,0.5,4
10.311226844787598,-0.0,20.622459411621094,0.00024159303575288504,1.3876596689224243,0.0,266,384,6.255000000000001,0.53125,4
10.084427833557129,-7.202228147207279e-08,20.168859481811523,0.00023454066831618547,5.609836578369141,0.0,267,384,7.380000000000001,0.625,4
10.277913093566895,-2.9802322387695312e-08,20.555830001831055,0.0002295210724696517,3.1101279258728027,0.0,268,384,5.880000000000001,0.5,4
10.28060531616211,-1.3907749973895989e-07,20.561216354370117,0.00023924450215417892,7.127237319946289,0.0,269,384,4.755000000000001,0.40625,4
10.074329376220703,7.450580596923828e-09,20.148664474487305,0.0002485706063453108,5.060924053192139,0.0,270,384,7.005000000000001,0.59375,4
10.156854629516602,-1.6391277313232422e-07,20.3137149810791,0.00025540278875268996,9.170539855957031,0.0,271,384,4.005000000000001,0.34375,4
10.039200782775879,-4.76837158203125e-07,20.07840919494629,0.00027787423459813,7.731537818908691,0.0,272,384,4.005000000000001,0.34375,4
10.259288787841797,-1.1424223345102291e-07,20.518583297729492,0.0002953008224721998,2.4819812774658203,0.0,273,384,5.880000000000001,0.5,4
9.910795211791992,-1.6639630473491707e-07,19.821596145629883,0.00029300875030457973,5.416134834289551,0.0,274,384,4.380000000000001,0.375,4
10.174596786499023,-0.0,20.349199295043945,0.00029819642077200115,1.8398332595825195,0.0,275,384,5.880000000000001,0.5,4
9.724775314331055,-1.8874804652568855e-07,19.449556350708008,0.0003032438980881125,11.453869819641113,0.0,276,384,3.255000000000001,0.28125,4
10.232381820678711,-3.228585043757448e-08,20.46476936340332,0.0003145572554785758,5.517119884490967,0.0,277,384,6.630000000000001,0.5625,4
10.197134017944336,-2.1606683731079102e-07,20.39427375793457,0.00030076419352553785,1.1296775341033936,0.0,278,384,5.880000000000001,0.5,4
10.077217102050781,-5.4637592228345966e-08,20.15443992614746,0.0002847622672561556,4.935622215270996,0.0,279,384,4.755000000000001,0.40625,4
10.173822402954102,-8.940696716308594e-08,20.3476505279541,0.000291968637611717,4.571035385131836,0.0,280,384,6.630000000000001,0.5625,4
10.158684730529785,-2.1358330570819817e-07,20.31737518310547,0.0002704064245335758,5.069875240325928,0.0,281,384,7.005000000000001,0.59375,4
9.92017650604248,-2.980232238769531e-07,19.84035873413086,0.00024660854251123965,5.187083721160889,0.0,282,384,7.380000000000001,0.625,4
9.054368019104004,-4.023313522338867e-07,18.108739852905273,0.0002325323730474338,10.493280410766602,0.0,283,384,8.88,0.75,4
9.911520957946777,-1.1424223345102291e-07,19.82304573059082,0.00022368978534359485,1.806044578552246,0.0,284,384,7.005000000000001,0.59375,4
10.960661888122559,-2.4835268064293814e-08,21.921327590942383,0.00022284331498667598,10.230249404907227,0.0,285,384,4.755000000000001,0.40625,4
10.523331642150879,-3.476937493473997e-08,21.046667098999023,0.00022681486734654754,5.253227710723877,0.0,286,384,5.505000000000001,0.46875,4
10.085137367248535,-5.4637592228345966e-08,20.170278549194336,0.00023094141215551645,1.2664523124694824,0.0,287,384,6.255000000000001,0.53125,4
10.232877731323242,2.4835268064293814e-08,20.46575927734375,0.00023154720838647336,2.023406744003296,0.0,288,384,5.880000000000001,0.5,4
10.224610328674316,-5.960464477539063e-08,20.4492244720459,0.0002327846159460023,1.5529344081878662,0.0,289,384,5.880000000000001,0.5,4
10.05313491821289,-3.6259493185752945e-07,20.10627555847168,0.0002494200016371906,12.510865211486816,0.0,290,384,3.255000000000001,0.28125,4
10.124833106994629,-1.514951435410694e-07,20.249671936035156,0.0002647454384714365,1.42654287815094,0.0,291,384,5.880000000000001,0.5,4
10.309089660644531,-3.973643103449831e-08,20.61818504333496,0.0002717854513321072,4.846835613250732,0.0,292,384,6.630000000000001,0.5625,4
9.943668365478516,-1.4404456294414558e-07,19.88734245300293,0.0002762231742963195,4.443454265594482,0.0,293,384,4.755000000000001,0.40625,4
9.451045036315918,-1.0939935464193695e-06,18.902097702026367,0.00029571857885457575,14.682153701782227,0.0,294,384,2.505000000000001,0.21875,4
9.896553039550781,-8.443991532658401e-07,19.793115615844727,0.00036566623020917177,0.7188578248023987,0.0,295,384,5.130000000000001,0.4375,4
9.762923240661621,7.053216108943161e-07,19.525854110717773,0.0004902002983726561,0.7302844524383545,3.1044086745701804e-10,296,384,4.755000000000001,0.40625,4
10.386836051940918,-1.8874804652568855e-07,20.773683547973633,0.0005270406836643815,3.8755147457122803,0.0,297,384,5.505000000000001,0.46875,4
11.456098556518555,-0.0006199826602824032,22.91344451904297,0.0004222439893055707,7.754189491271973,5.8267731219530106e-05,298,384,6.630000000000001,0.5625,4
10.839624404907227,-2.6101868115802063e-06,21.67926025390625,0.0003105811192654073,8.272608757019043,0.0,299,384,7.005000000000001,0.59375,4
10.60914134979248,-1.3162692766854889e-06,21.218290328979492,0.0002464271383360028,7.743398189544678,0.0,300,384,7.380000000000001,0.625,4
10.464178085327148,-5.761782517765823e-07,20.928361892700195,0.00021905596076976508,5.785872459411621,0.0,301,384,7.380000000000001,0.625,4
10.554147720336914,-2.2351741790771484e-08,21.108299255371094,0.00020598598348442465,9.247806549072266,0.0,302,384,4.755000000000001,0.40625,4
10.200667381286621,-4.22199555316638e-08,20.401338577270508,0.0002031653857557103,1.92485773563385,0.0,303,384,6.630000000000001,0.5625,4
10.251495361328125,4.967053879312289e-09,20.502994537353516,0.0002035599754890427,2.733292818069458,0.0,304,384,5.505000000000001,0.46875,4
10.205113410949707,4.967053879312289e-09,20.41023063659668,0.00020597588445525616,2.065312385559082,0.0,305,384,6.255000000000001,0.53125,4
10.288762092590332,5.4637592228345966e-08,20.57752799987793,0.0002035023644566536,5.3828325271606445,0.0,306,384,4.755000000000001,0.40625,4
10.218180656433105,-2.359350581571107e-08,20.436365127563477,0.00020618671260308474,4.7304558753967285,0.0,307,384,4.755000000000001,0.40625,4
10.146875381469727,-4.967053612858763e-08,20.29375457763672,0.00020938960369676352,2.2462055683135986,0.0,308,384,5.130000000000001,0.4375,4
10.255366325378418,1.9868215517249155e-08,20.5107364654541,0.00020810018759220839,5.266392230987549,0.0,309,384,6.630000000000001,0.5625,4
10.246164321899414,-9.934107758624577e-09,20.492332458496094,0.00020481641695369035,6.35469913482666,0.0,310,384,7.005000000000001,0.59375,4
10.128605842590332,-7.450580596923828e-08,20.25721549987793,0.0002015975333051756,5.01251220703125,0.0,311,384,7.005000000000001,0.59375,4
10.259861946105957,2.8560558362755728e-08,20.51972770690918,0.0001990690507227555,7.144404411315918,0.0,312,384,4.755000000000001,0.40625,4
10.191872596740723,-0.0,20.38374900817871,0.0002016732032643631,1.0264394283294678,0.0,313,384,6.255000000000001,0.53125,4
9.985505104064941,2.4835269396561444e-09,19.97101402282715,0.00020459458755794913,8.314875602722168,0.0,314,384,7.755000000000001,0.65625,4
10.19189739227295,-4.718701163142214e-08,20.383798599243164,0.00020514048810582608,4.4836201667785645,0.0,315,384,5.130000000000001,0.4375,4
10.248998641967773,-1.1920928955078125e-07,20.498001098632812,0.0002124759485013783,7.218569755554199,0.0,316,384,4.380000000000001,0.375,4
10.15942668914795,-9.934107758624577e-09,20.318857192993164,0.00021517342247534543,3.9208004474639893,0.0,317,384,6.630000000000001,0.5625,4
10.080151557922363,2.9802322387695312e-08,20.160306930541992,0.0002095979143632576,1.108413815498352,0.0,318,384,6.255000000000001,0.53125,4
9.973176956176758,9.934107758624577e-09,19.94635772705078,0.00020563858561217785,1.1368752717971802,0.0,319,384,6.630000000000001,0.5625,4
10.535798072814941,2.4835269396561444e-09,21.07159996032715,0.00020648393547162414,7.4706902503967285,0.0,320,384,5.130000000000001,0.4375,4
9.965898513793945,-1.7384687467369986e-08,19.931800842285156,0.00021079294674564153,0.7484193444252014,0.0,321,384,6.630000000000001,0.5625,4
10.36906909942627,-2.086162567138672e-07,20.738142013549805,0.00022146936680655926,5.616487979888916,0.0,322,384,5.130000000000001,0.4375,4
9.812447547912598,9.934107758624577e-09,19.62489891052246,0.00022860373428557068,7.857353210449219,0.0,323,384,7.755000000000001,0.65625,4
9.994093894958496,-1.4901161193847656e-08,19.988191604614258,0.00022405607160180807,1.8217426538467407,0.0,324,384,6.630000000000001,0.5625,4
9.18522834777832,-5.21540641784668e-08,18.370460510253906,0.0002137186238542199,7.118332862854004,0.0,325,384,8.13,0.6875,4
10.009655952453613,-4.718701163142214e-08,20.019315719604492,0.00020870666776318103,1.6647987365722656,0.0,326,384,6.630000000000001,0.5625,4
9.828919410705566,-0.0,19.6578426361084,0.0002101294812746346,0.6934500336647034,0.0,327,384,7.005000000000001,0.59375,4
10.24524974822998,-9.437402326284428e-08,20.490503311157227,0.00021257395565044135,2.3877341747283936,0.0,328,384,6.255000000000001,0.53125,4
10.464058876037598,2.4835268064293814e-08,20.92812156677246,0.0002157806302420795,4.838493824005127,0.0,329,384,5.505000000000001,0.46875,4
10.8333158493042,-2.632538382840721e-07,21.666635513305664,0.00022270751651376486,10.774137496948242,0.0,330,384,4.005000000000001,0.34375,4
9.91916561126709,4.967053879312289e-09,19.838335037231445,0.00022793009702581912,8.421478271484375,0.0,331,384,7.755000000000001,0.65625,4
10.085663795471191,1.9868215517249155e-08,20.17133140563965,0.00022661815455649048,0.6209400296211243,0.0,332,384,6.255000000000001,0.53125,4
10.37860107421875,-0.0,20.757205963134766,0.0002250303514301777,4.496210098266602,0.0,333,384,5.505000000000001,0.46875,4
10.089548110961914,-3.973643103449831e-08,20.179100036621094,0.00023024923575576395,1.0840873718261719,0.0,334,384,6.630000000000001,0.5625,4
10.002448081970215,-9.189049166025143e-08,20.004899978637695,0.00023067409347277135,0.7058630585670471,0.0,335,384,6.630000000000001,0.5625,4
9.59414291381836,1.2417634032146907e-08,19.188289642333984,0.00022547687694896013,3.595189332962036,0.0,336,384,7.380000000000001,0.625,4
9.971179008483887,-6.953874986947994e-08,19.94236183166504,0.00022351178631652147,1.0662647485733032,0.0,337,384,6.630000000000001,0.5625,4
9.971837043762207,-3.476937493473997e-08,19.94367790222168,0.00022530446585733443,0.8572112917900085,0.0,338,384,6.630000000000001,0.5625,4
10.39343547821045,-3.973643103449831e-08,20.786874771118164,0.0002247900265501812,5.173452854156494,0.0,339,384,5.505000000000001,0.46875,4
9.977132797241211,1.2417634032146907e-08,19.954269409179688,0.00022740238637197763,0.8713957667350769,0.0,340,384,6.630000000000001,0.5625,4
10.23888874053955,-2.9802322387695312e-08,20.477781295776367,0.00023093423806130886,2.9517996311187744,0.0,341,384,5.880000000000001,0.5,4
9.976616859436035,-5.960464477539063e-08,19.953237533569336,0.00023540057009086013,1.150801658630371,0.0,342,384,6.630000000000001,0.5625,4
10.37224292755127,-1.1920928955078125e-07,20.744491577148438,0.00024311656306963414,6.0529398918151855,0.0,343,384,5.130000000000001,0.4375,4
10.135383605957031,-2.7070441888099595e-07,20.27077293395996,0.00026562323910184205,2.986550807952881,0.0,344,384,5.505000000000001,0.46875,4
9.947477340698242,-9.934107225717526e-08,19.894960403442383,0.00028086701058782637,4.980578899383545,0.0,345,384,7.005000000000001,0.59375,4
10.21946907043457,-1.6391277313232422e-07,20.43894386291504,0.0002924386935774237,5.780467510223389,0.0,346,384,4.755000000000001,0.40625,4
10.068929672241211,-1.4156103134155273e-07,20.13786506652832,0.00031534183654002845,3.8607208728790283,0.0,347,384,6.630000000000001,0.5625,4
10.073719024658203,-3.476937493473997e-08,20.147443771362305,0.0003203207452315837,5.424257278442383,0.0,348,384,4.755000000000001,0.40625,4
10.063272476196289,-2.731879646944435e-07,20.126550674438477,0.0003301893302705139,0.5825760960578918,0.0,349,384,5.880000000000001,0.5,4
9.854902267456055,-5.01672445807344e-07,19.709814071655273,0.00034556465107016265,5.04428768157959,0.0,350,384,4.755000000000001,0.40625,4
10.23223876953125,2.4586915969848633e-07,20.46448516845703,0.0003738674568012357,8.12576961517334,0.0,351,384,7.380000000000001,0.625,4
10.106423377990723,-3.97364289028701e-07,20.212852478027344,0.0003212304145563394,0.6325023770332336,0.0,352,384,5.880000000000001,0.5,4
10.353034973144531,-4.991888999938965e-07,20.706077575683594,0.00029267894569784403,4.118668556213379,0.0,353,384,6.630000000000001,0.5625,4
10.227461814880371,6.457169661189255e-07,20.454927444458008,0.00026073286426253617,10.738556861877441,0.0,354,384,3.630000000000001,0.3125,4
10.152435302734375,4.470348358154297e-08,20.30487632751465,0.00025169565924443305,2.0426228046417236,0.0,355,384,6.255000000000001,0.53125,4
10.21493911743164,1.4901161193847656e-07,20.42988395690918,0.00024068144557531923,3.795743227005005,0.0,356,384,5.130000000000001,0.4375,4
9.96990966796875,-1.0927518445669193e-07,19.9398250579834,0.00024321356613654643,5.053796768188477,0.0,357,384,4.755000000000001,0.40625,4
10.01882266998291,-2.8808912588829116e-07,20.03765106201172,0.0002637230500113219,5.701050758361816,0.0,358,384,4.380000000000001,0.375,4
10.309593200683594,-2.9802322387695312e-08,20.619192123413086,0.00028308152104727924,4.199915409088135,0.0,359,384,6.255000000000001,0.53125,4
10.1573486328125,-8.195638656616211e-08,20.3147029876709,0.00027019091066904366,1.677364468574524,0.0,360,384,5.880000000000001,0.5,4
10.024774551391602,-7.450580596923828e-09,20.0495548248291,0.0002645578351803124,6.415456295013428,0.0,361,384,4.380000000000001,0.375,4
10.077184677124023,-1.3907749973895989e-07,20.154375076293945,0.00027275222237221897,1.898743987083435,0.0,362,384,5.130000000000001,0.4375,4
10.440471649169922,-4.967053612858763e-08,20.880949020385742,0.0002888028684537858,6.237124443054199,0.0,363,384,6.630000000000001,0.5625,4
10.183238983154297,-1.3907749973895989e-07,20.366483688354492,0.0002698252792470157,1.7821645736694336,0.0,364,384,5.880000000000001,0.5,4
9.947596549987793,1.2417633854511223e-07,19.895198822021484,0.00025836442364379764,4.17902946472168,0.0,365,384,4.755000000000001,0.40625,4
10.209882736206055,-1.5894572413799324e-07,20.419771194458008,0.00026007063570432365,1.3335729837417603,0.0,366,384,5.880000000000001,0.5,4
9.688545227050781,1.9868215517249155e-08,19.37709617614746,0.0002604384208098054,11.11592960357666,0.0,367,384,3.2550000000000003,0.28125,4
10.393780708312988,-5.4637592228345966e-08,20.787567138671875,0.0002646404318511486,8.734477043151855,0.0,368,384,7.380000000000001,0.625,4
10.040122985839844,3.725290298461914e-08,20.080251693725586,0.00025637936778366566,0.8354286551475525,0.0,369,384,5.880000000000001,0.5,4
9.842275619506836,-1.1920928955078125e-07,19.68455696105957,0.0002520675479900092,11.632787704467773,0.0,370,384,8.505,0.71875,4
10.173081398010254,-1.5894572413799324e-07,20.346166610717773,0.0002382524689892307,1.536946177482605,0.0,371,384,6.630000000000001,0.5625,4
10.271194458007812,-1.2417633854511223e-07,20.54239273071289,0.00022814853582531214,3.508272647857666,0.0,372,384,5.880000000000001,0.5,4
10.150944709777832,4.967053879312289e-09,20.30189323425293,0.0002258380554849282,2.436075210571289,0.0,373,384,5.880000000000001,0.5,4
10.145575523376465,-1.2914340175029793e-07,20.291154861450195,0.00023140029225032777,0.6788318753242493,0.0,374,384,6.255000000000001,0.53125,4
9.908764839172363,-1.9868215517249155e-08,19.817533493041992,0.000225716270506382,5.85513973236084,0.0,375,384,7.380000000000001,0.625,4
10.327903747558594,1.1920928955078125e-07,20.655811309814453,0.00022186980640981346,5.391776084899902,0.0,376,384,5.130000000000001,0.4375,4
10.239997863769531,-1.8378098332050286e-07,20.479999542236328,0.0002304854424437508,4.762119293212891,0.0,377,384,5.130000000000001,0.4375,4
10.056668281555176,5.960464477539063e-08,20.113340377807617,0.00023404871171806008,6.6586079597473145,0.0,378,384,7.380000000000001,0.625,4
10.0924654006958,-2.9802322387695312e-08,20.184934616088867,0.000230705933063291,0.6941612958908081,0.0,379,384,6.255000000000001,0.53125,4
10.417947769165039,-8.44399110633276e-08,20.835899353027344,0.00023491628235206008,7.050967693328857,0.0,380,384,4.755000000000001,0.40625,4
10.083182334899902,-1.9868215517249155e-08,20.16636848449707,0.00023751979460939765,1.884560227394104,0.0,381,384,6.630000000000001,0.5625,4
10.107809066772461,-8.940696716308594e-08,20.215621948242188,0.000235843937844038,0.43440109491348267,0.0,382,384,6.255000000000001,0.53125,4
10.233510971069336,7.947286206899662e-08,20.46702766418457,0.000244214606937021,1.5790808200836182,0.0,383,384,5.880000000000001,0.5,4
10.31324577331543,-7.450580596923828e-08,20.626497268676758,0.0002507992903701961,7.77826452255249,0.0,384,384,4.380000000000001,0.375,4
10.177197456359863,-1.3907749973895989e-07,20.354400634765625,0.00025151026784442365,0.4206470251083374,0.0,385,384,5.880000000000001,0.5,4
10.012397766113281,1.341104507446289e-07,20.02480125427246,0.00024180002219509333,8.464189529418945,0.0,386,384,4.005000000000001,0.34375,4
10.074353218078613,-4.172325134277344e-07,20.148712158203125,0.0002656814467627555,0.33951279520988464,0.0,387,384,5.505000000000001,0.46875,4
10.06942081451416,-6.457169661189255e-07,20.13884925842285,0.00031434392440132797,1.0885798931121826,0.0,388,384,5.505000000000001,0.46875,4
10.258085250854492,1.4652808033588371e-07,20.516178131103516,0.00034607891575433314,4.405569076538086,0.0,389,384,6.255000000000001,0.53125,4
10.448153495788574,-5.265076765681442e-07,20.89631462097168,0.0003304034180473536,10.151429176330566,0.0,390,384,7.755000000000001,0.65625,4
10.111306190490723,-8.145968308781448e-07,20.222620010375977,0.0002867853327188641,6.410728931427002,0.0,391,384,7.380000000000001,0.625,4
10.141012191772461,-4.967053612858763e-08,20.28203010559082,0.00025886858929879963,2.2379701137542725,0.0,392,384,5.880000000000001,0.5,4
10.28697681427002,2.9802322387695312e-08,20.573959350585938,0.00026547128800302744,1.537377953529358,0.0,393,384,5.880000000000001,0.5,4
10.07452392578125,-1.2665987014770508e-07,20.1490535736084,0.00027213955763727427,1.6576753854751587,0.0,394,384,5.505000000000001,0.46875,4
10.261831283569336,8.195638656616211e-08,20.52366828918457,0.000284253474092111,6.456730842590332,0.0,395,384,7.005000000000001,0.59375,4
10.161757469177246,-2.2848446690204582e-07,20.32352066040039,0.000274912134045735,0.9735726714134216,0.0,396,384,5.505000000000001,0.46875,4
10.124187469482422,-4.470348358154297e-08,20.248380661010742,0.00026938834344036877,0.5058115124702454,0.0,397,384,5.505000000000001,0.46875,4
10.065216064453125,-7.152557373046875e-07,20.13043975830078,0.00030076265102252364,0.5447658896446228,0.0,398,384,5.505000000000001,0.46875,4
9.727874755859375,-2.6226043701171875e-06,19.45576286315918,0.0004011955752503127,2.1386337280273438,6.208817349140361e-10,399,384,4.755000000000001,0.40625,4
9.269587516784668,0.0015492290258407593,18.536090850830078,0.0006994007271714509,7.2551093101501465,0.0004388227534946054,400,384,3.2550000000000003,0.28125,4
11.302164077758789,5.6982039495778736e-06,22.60433006286621,0.0006698201177641749,9.775074005126953,3.3527611797978807e-09,401,640,6.199999999999999,0.5,8
11.96739673614502,-0.00039140283479355276,23.935585021972656,0.0004972325405105948,13.112674713134766,5.347002297639847e-05,402,640,7.324999999999999,0.59375,8
10.668283462524414,-5.0067901611328125e-06,21.33658218383789,0.00027968280483037233,6.872854232788086,4.0978194171259474e-09,403,640,6.574999999999999,0.53125,8
11.107375144958496,-4.559755325317383e-06,22.214763641357422,0.00018937341519631445,16.065271377563477,3.7252903539730653e-10,404,640,8.825,0.71875,8
10.259430885314941,-4.708766994099278e-07,20.518863677978516,0.00013648781168740243,0.9344117045402527,0.0,405,640,6.199999999999999,0.5,8
10.15721607208252,5.960464477539063e-08,20.314434051513672,0.00011908808664884418,0.7681993842124939,0.0,406,640,6.574999999999999,0.53125,8
10.199545860290527,-3.278255533700758e-08,20.399093627929688,0.00011345973325660452,0.8885639905929565,0.0,407,640,6.574999999999999,0.53125,8
10.377877235412598,2.9802322387695312e-08,20.755756378173828,0.00011287683446425945,6.00426721572876,0.0,408,640,5.449999999999999,0.4375,8
10.048707008361816,-1.4901161415892261e-09,20.097415924072266,0.00011129147605970502,2.119593620300293,0.0,409,640,6.949999999999999,0.5625,8
9.74282455444336,-2.086162531611535e-08,19.48565101623535,0.00011302090570097789,7.190412998199463,0.0,410,640,8.075,0.65625,8
9.96116828918457,-3.8743017682918435e-08,19.922338485717773,0.0001145816277130507,0.5218020081520081,0.0,411,640,6.949999999999999,0.5625,8
10.206389427185059,-3.5762788286319847e-08,20.41278076171875,0.00011781570356106386,2.76351261138916,0.0,412,640,6.574999999999999,0.53125,8
9.81520938873291,-5.9604645663569045e-09,19.630420684814453,0.0001180602703243494,0.9919747114181519,0.0,413,640,7.324999999999999,0.59375,8
10.245227813720703,5.06639494801675e-08,20.49045753479004,0.00011721758346538991,3.2351741790771484,0.0,414,640,6.574999999999999,0.53125,8
9.838194847106934,2.9802322387695312e-08,19.6763916015625,0.00011642094614217058,0.985573410987854,0.0,415,640,7.324999999999999,0.59375,8
9.99661922454834,-2.3841858265427618e-08,19.993240356445312,0.00011515556980157271,1.0778367519378662,0.0,416,640,6.949999999999999,0.5625,8
10.473340034484863,4.470348358154297e-08,20.94668197631836,0.00011339993216097355,5.733209133148193,0.0,417,640,5.824999999999999,0.46875,8
10.129024505615234,2.9802322831784522e-09,20.2580509185791,0.00011206154886167496,0.3059141933917999,0.0,418,640,6.574999999999999,0.53125,8
10.2288179397583,1.4901161193847656e-08,20.457637786865234,0.00011212623212486506,4.5994343757629395,0.0,419,640,5.449999999999999,0.4375,8
10.0956392288208,-1.1324882365215672e-07,20.191280364990234,0.00011767602700274438,2.7126307487487793,0.0,420,640,5.449999999999999,0.4375,8
10.2598295211792,-2.3841858265427618e-08,20.51966094970703,0.00012187867832835764,4.272727012634277,0.0,421,640,6.574999999999999,0.53125,8
10.083577156066895,-1.3113022134803032e-07,20.167156219482422,0.00012521907046902925,0.29365935921669006,0.0,422,640,5.824999999999999,0.46875,8
10.260029792785645,8.642673776648735e-08,20.520061492919922,0.00012966993381269276,4.985403537750244,0.0,423,640,6.949999999999999,0.5625,8
10.130025863647461,5.9604645663569045e-09,20.260053634643555,0.00012809746840503067,0.46703481674194336,0.0,424,640,6.199999999999999,0.5,8
10.122570991516113,-3.278255533700758e-08,20.24514389038086,0.00013605946151074022,4.140444755554199,0.0,425,640,5.449999999999999,0.4375,8
10.20583724975586,6.854534007061375e-08,20.411678314208984,0.00014483432460110635,5.88937520980835,0.0,426,640,7.324999999999999,0.59375,8
10.15634822845459,-5.960464477539063e-08,20.312698364257812,0.00014134922821540385,0.3767165541648865,0.0,427,640,6.199999999999999,0.5,8
10.120105743408203,8.940697071579962e-09,20.24021339416504,0.00013307838526088744,1.82123863697052,0.0,428,640,5.824999999999999,0.46875,8
10.198129653930664,-1.1920929132713809e-08,20.39626121520996,0.00013438949827104807,8.344179153442383,0.0,429,640,7.699999999999999,0.625,8
10.087928771972656,4.17232506322307e-08,20.175859451293945,0.00013547964044846594,3.3548293113708496,0.0,430,640,5.449999999999999,0.4375,8
10.186452865600586,-8.940697071579962e-09,20.372907638549805,0.00013174404739402235,4.637920379638672,0.0,431,640,6.949999999999999,0.5625,8
10.173815727233887,-3.5762788286319847e-08,20.347633361816406,0.00012419909762684256,0.18419039249420166,0.0,432,640,6.199999999999999,0.5,8
10.125125885009766,-1.4305115314527939e-07,20.250253677368164,0.00011964859731961042,1.04269278049469,0.0,433,640,6.574999999999999,0.53125,8
10.15717887878418,-1.7881394143159923e-08,20.314359664916992,0.00011399832874303684,1.605237603187561,0.0,434,640,6.199999999999999,0.5,8
10.36536693572998,2.2351741790771484e-08,20.730735778808594,0.00011412733874749392,10.85744857788086,0.0,435,640,4.324999999999999,0.34375,8
10.144623756408691,-2.6822089438383045e-08,20.289249420166016,0.000119379474199377,0.16816607117652893,0.0,436,640,6.199999999999999,0.5,8
10.070812225341797,-1.01327898960335e-07,20.141626358032227,0.00012194640294183046,2.9206933975219727,0.0,437,640,5.449999999999999,0.4375,8
9.821873664855957,-1.4603138254187797e-07,19.643749237060547,0.00012736702046822757,5.377407550811768,0.0,438,640,4.699999999999999,0.375,8
10.738541603088379,1.01327898960335e-07,21.477087020874023,0.00014419124636333436,11.248392105102539,0.0,439,640,7.699999999999999,0.625,8
9.943292617797852,-3.427267074584961e-07,19.88658905029297,0.00015845389862079173,0.3330129384994507,0.0,440,640,5.449999999999999,0.4375,8
9.22221851348877,-1.107156322177616e-06,18.444442749023438,0.00019943008373957127,6.857509136199951,0.0,441,640,3.9499999999999997,0.3125,8
9.991840362548828,3.5762786865234375e-07,19.983686447143555,0.00023990034242160618,1.3905434608459473,0.0,442,640,5.449999999999999,0.4375,8
10.712660789489746,1.1324882365215672e-07,21.425325393676758,0.00020551533089019358,8.389848709106445,0.0,443,640,6.949999999999999,0.5625,8
10.24959659576416,-3.099441414633475e-07,20.499197006225586,0.00018573940906208009,3.0768320560455322,0.0,444,640,6.199999999999999,0.5,8
10.413888931274414,-5.453824769574567e-07,20.827783584594727,0.00014840869698673487,5.160001277923584,0.0,445,640,6.949999999999999,0.5625,8
10.166550636291504,2.9802322831784522e-09,20.33310317993164,0.00013085904356557876,1.6083201169967651,0.0,446,640,6.574999999999999,0.53125,8
10.21070384979248,3.278255533700758e-08,20.421409606933594,0.00012052578676957637,3.5483245849609375,0.0,447,640,5.824999999999999,0.46875,8
9.96036148071289,-3.5762788286319847e-08,19.920724868774414,0.00011895455827470869,7.968923091888428,0.0,448,640,8.075,0.65625,8
10.627134323120117,3.5762788286319847e-08,21.254270553588867,0.00011809890565928072,13.899996757507324,0.0,449,640,3.9499999999999993,0.3125,8
10.141178131103516,-1.1920929132713809e-08,20.282358169555664,0.00011712572450051084,1.334567666053772,0.0,450,640,6.199999999999999,0.5,8
10.122700691223145,-1.341104507446289e-07,20.245403289794922,0.00012151483679190278,1.2432750463485718,0.0,451,640,6.574999999999999,0.53125,8
10.20161247253418,-8.940696716308594e-08,20.403226852416992,0.0001253660157090053,6.2784318923950195,0.0,452,640,5.074999999999999,0.40625,8
10.155481338500977,7.152557657263969e-08,20.310964584350586,0.00013022901839576662,7.8025054931640625,0.0,453,640,7.699999999999999,0.625,8
10.158724784851074,-1.1920929132713809e-08,20.31745147705078,0.00014286207442637533,5.67526388168335,0.0,454,640,5.074999999999999,0.40625,8
10.151520729064941,5.364417887676609e-08,20.303043365478516,0.0001370019745081663,6.128290176391602,0.0,455,640,7.324999999999999,0.59375,8
10.116790771484375,3.278255533700758e-08,20.233583450317383,0.00013261190906632692,1.4370877742767334,0.0,456,640,6.574999999999999,0.53125,8
9.862534523010254,-6.556511067401516e-08,19.72507095336914,0.00012503583275247365,6.060673236846924,0.0,457,640,7.699999999999999,0.625,8
10.471781730651855,2.9802322387695312e-08,20.943565368652344,0.0001224441220983863,8.469156265258789,0.0,458,640,5.074999999999999,0.40625,8
10.2316312789917,-2.9802322387695312e-08,20.46326446533203,0.00012273216270841658,2.442119836807251,0.0,459,640,6.199999999999999,0.5,8
10.29429817199707,-9.536743306171047e-08,20.588598251342773,0.00012214896560180932,5.3832831382751465,0.0,460,640,5.449999999999999,0.4375,8
10.221501350402832,-1.8030405612989853e-07,20.443004608154297,0.00012987579975742847,13.776335716247559,0.0,461,640,3.5749999999999993,0.28125,8
10.181744575500488,-1.7881394143159923e-08,20.36349105834961,0.00013098304043523967,2.674884796142578,0.0,462,640,6.574999999999999,0.53125,8
10.165604591369629,2.3841858265427618e-08,20.33121109008789,0.00013106614642310888,4.370710849761963,0.0,463,640,6.949999999999999,0.5625,8
10.14378547668457,-2.9802322387695312e-08,20.287572860717773,0.00013296245015226305,5.552305221557617,0.0,464,640,5.074999999999999,0.40625,8
10.151898384094238,-1.0430812658057675e-08,20.30379867553711,0.0001361304020974785,4.222019195556641,0.0,465,640,6.949999999999999,0.5625,8
9.985535621643066,-1.7881394143159923e-08,19.971073150634766,0.0001248768239747733,9.076467514038086,0.0,466,640,8.075,0.65625,8
10.091310501098633,5.960464477539063e-08,20.1826229095459,0.00012102993059670553,0.18330565094947815,0.0,467,640,6.574999999999999,0.53125,8
10.286596298217773,-2.3841858265427618e-08,20.57319450378418,0.00012249595602042973,4.418593406677246,0.0,468,640,5.824999999999999,0.46875,8
10.001643180847168,-1.7881394143159923e-08,20.00328826904297,0.00012432076619006693,1.264642357826233,0.0,469,640,6.949999999999999,0.5625,8
10.08595085144043,-6.258487417198921e-08,20.171903610229492,0.00012411335774231702,0.9695242643356323,0.0,470,640,6.574999999999999,0.53125,8
10.09138298034668,5.9604645663569045e-09,20.182767868041992,0.00012947659706696868,0.31486067175865173,0.0,471,640,6.574999999999999,0.53125,8
9.796398162841797,4.7683716530855236e-08,19.592798233032227,0.0001325132034253329,7.690260410308838,0.0,472,640,8.075,0.65625,8
9.973713874816895,-8.046627186786282e-08,19.947429656982422,0.00013282404688652605,1.2983448505401611,0.0,473,640,6.949999999999999,0.5625,8
10.102197647094727,-5.06639494801675e-08,20.204397201538086,0.00013466108066495508,1.1586992740631104,0.0,474,640,6.574999999999999,0.53125,8
10.344310760498047,5.9604645663569045e-09,20.68862533569336,0.00014351503341458738,6.249718189239502,0.0,475,640,5.449999999999999,0.4375,8
10.266501426696777,-4.85777832182066e-07,20.533008575439453,0.00015775728388689458,6.91603946685791,0.0,476,640,5.074999999999999,0.40625,8
10.142054557800293,-1.668930025289228e-07,20.28411293029785,0.00019958673510700464,5.252504348754883,0.0,477,640,5.074999999999999,0.40625,8
10.411293029785156,4.872679824075021e-07,20.822587966918945,0.00021397913224063814,7.621061325073242,0.0,478,640,7.324999999999999,0.59375,8
10.060190200805664,-2.2649764730431343e-07,20.120384216308594,0.0002081298443954438,0.3381805121898651,0.0,479,640,5.824999999999999,0.46875,8
10.387487411499023,-4.2915343101412873e-07,20.774978637695312,0.00020084736752323806,9.245810508728027,0.0,480,640,7.699999999999999,0.625,8
10.146682739257812,-3.039836826701503e-07,20.29336929321289,0.00017118739197030663,6.088144779205322,0.0,481,640,7.324999999999999,0.59375,8
9.928340911865234,-2.413988227090158e-07,19.856685638427734,0.000151838205056265,6.506458759307861,0.0,482,640,7.699999999999999,0.625,8
10.117749214172363,-8.642673776648735e-08,20.23550033569336,0.00013286643661558628,0.781758725643158,0.0,483,640,6.574999999999999,0.53125,8
9.955033302307129,9.529292583465576e-05,19.90987777709961,0.0001290036307182163,4.898350715637207,2.402253358013695e-06,484,640,7.699999999999999,0.625,8
9.945036888122559,-2.9802322387695312e-08,19.89007568359375,0.00012759023229591548,0.4626692831516266,0.0,485,640,6.949999999999999,0.5625,8
10.59563159942627,-1.370906801412275e-07,21.191265106201172,0.00013294006930664182,7.837140083312988,0.0,486,640,5.449999999999999,0.4375,8
11.371030807495117,-1.1324882365215672e-07,22.7420654296875,0.00014545195153914392,20.45876693725586,0.0,487,640,2.8249999999999997,0.21875,8
10.38611125946045,-3.635883274455409e-07,20.772226333618164,0.00017886084970086813,5.173304557800293,0.0,488,640,5.449999999999999,0.4375,8
10.147378921508789,-1.1920929132713809e-08,20.294761657714844,0.00018404840375296772,1.547012209892273,0.0,489,640,6.574999999999999,0.53125,8
10.345425605773926,-4.17232506322307e-08,20.690855026245117,0.0001815234572859481,8.197233200073242,0.0,490,640,4.699999999999999,0.375,8
10.16146469116211,-1.1920928955078125e-07,20.322933197021484,0.00019056382006965578,5.388339519500732,0.0,491,640,5.074999999999999,0.40625,8
10.147062301635742,-4.7683716530855236e-08,20.29412841796875,0.00020555185619741678,0.43634310364723206,0.0,492,640,5.824999999999999,0.46875,8
10.441970825195312,-5.558133011618338e-07,20.883947372436523,0.00020541853155009449,8.013110160827637,0.0,493,640,7.324999999999999,0.59375,8
10.108080863952637,-1.8775463672682235e-07,20.21616554260254,0.0001967650168808177,3.309685468673706,0.0,494,640,6.574999999999999,0.53125,8
10.229493141174316,-3.129243850708008e-07,20.4589900970459,0.00016123289242386818,1.805714726448059,0.0,495,640,6.574999999999999,0.53125,8
10.085453033447266,-4.0531159584134e-07,20.170909881591797,0.00014349081902764738,4.402113914489746,0.0,496,640,7.324999999999999,0.59375,8
10.302314758300781,1.7881393432617188e-07,20.604631423950195,0.00013717111141886562,4.278587818145752,0.0,497,640,5.824999999999999,0.46875,8
10.206826210021973,-3.5762788286319847e-08,20.413654327392578,0.0001347079814877361,2.0360753536224365,0.0,498,640,6.199999999999999,0.5,8
10.03161334991455,-5.9604645663569045e-09,20.063228607177734,0.00013520086940843612,2.275040626525879,0.0,499,640,6.949999999999999,0.5625,8
10.112879753112793,-2.086162531611535e-08,20.22576141357422,0.00013649696484208107,0.17136378586292267,0.0,500,640,6.574999999999999,0.53125,8
9.916434288024902,-1.4901161193847656e-08,19.832870483398438,0.00013614205818157643,3.467649459838867,0.0,501,640,7.324999999999999,0.59375,8
10.228726387023926,2.3841858265427618e-08,20.457454681396484,0.00013465833035297692,2.8494839668273926,0.0,502,640,6.199999999999999,0.5,8
10.376508712768555,-3.5762788286319847e-08,20.753019332885742,0.0001420375338057056,6.010497093200684,0.0,503,640,5.449999999999999,0.4375,8
10.113760948181152,-5.364417887676609e-08,20.227523803710938,0.000139602372655645,0.4464910626411438,0.0,504,640,6.574999999999999,0.53125,8
10.1964693069458,3.278255533700758e-08,20.392942428588867,0.00015266188711393625,3.0547423362731934,0.0,505,640,5.824999999999999,0.46875,8
10.103757858276367,-8.046627186786282e-08,20.20751953125,0.00015830159827601165,2.0507779121398926,0.0,506,640,5.824999999999999,0.46875,8
10.15957260131836,1.1324882365215672e-07,20.319149017333984,0.00017728090460877866,6.4575018882751465,0.0,507,640,7.324999999999999,0.59375,8
10.064443588256836,5.364417887676609e-08,20.128890991210938,0.0001873972942121327,4.738118648529053,0.0,508,640,5.074999999999999,0.40625,8
10.120628356933594,1.1920929132713809e-08,20.241260528564453,0.00019081993377767503,0.2592625916004181,0.0,509,640,5.824999999999999,0.46875,8
10.19039535522461,1.668930025289228e-07,20.380794525146484,0.00019205095304641873,2.3115382194519043,0.0,510,640,6.199999999999999,0.5,8
10.428353309631348,-2.5629998390286346e-07,20.85671043395996,0.00017368335102219135,9.281850814819336,0.0,511,640,7.699999999999999,0.625,8
9.960823059082031,1.8477439311936905e-07,19.921649932861328,0.0001677060208749026,6.757045745849609,0.0,512,640,4.699999999999999,0.375,8
10.193829536437988,-5.06639494801675e-08,20.387662887573242,0.00015909063222352415,0.7478694319725037,0.0,513,640,6.199999999999999,0.5,8
10.062005043029785,9.238719655968453e-08,20.124013900756836,0.00014627753989771008,5.397336006164551,0.0,514,640,5.074999999999999,0.40625,8
10.1065092086792,-7.152557657263969e-08,20.213022232055664,0.00014506882871501148,0.9817436337471008,0.0,515,640,5.824999999999999,0.46875,8
10.366191864013672,4.470348358154297e-08,20.73238754272461,0.00014793398440815508,7.376770973205566,0.0,516,640,7.324999999999999,0.59375,8
10.398210525512695,-8.34465012644614e-08,20.796424865722656,0.00014351207937579602,12.720612525939941,0.0,517,640,8.45,0.6875,8
9.919573783874512,-2.3841858265427618e-08,19.83915138244629,0.00014545416343025863,12.886445045471191,0.0,518,640,3.5749999999999993,0.28125,8
10.108473777770996,-1.6093254373572563e-07,20.216951370239258,0.0001475753670092672,0.7617398500442505,0.0,519,640,6.199999999999999,0.5,8
10.09933853149414,1.4603138254187797e-07,20.198680877685547,0.00015848982729949057,3.9380977153778076,0.0,520,640,6.949999999999999,0.5625,8
10.084724426269531,-4.1425226982028107e-07,20.169452667236328,0.00017289035895373672,0.48797497153282166,0.0,521,640,6.199999999999999,0.5,8
10.148509979248047,1.2993812106287805e-06,20.29702377319336,0.00025666499277576804,5.33506965637207,4.656612873077393e-10,522,640,5.074999999999999,0.40625,8
10.288278579711914,8.329749334734515e-07,20.576562881469727,0.0003735380887519568,5.164487838745117,9.313225884932663e-11,523,640,6.949999999999999,0.5625,8
10.1575927734375,-1.2069940567016602e-06,20.31519317626953,0.00024295863113366067,0.45590734481811523,5.587935669737476e-10,524,640,6.199999999999999,0.5,8
10.129783630371094,-7.867812996664725e-07,20.259572982788086,0.00017995094822254032,0.8090975284576416,0.0,525,640,6.199999999999999,0.5,8
10.03555679321289,-3.784894886393886e-07,20.071117401123047,0.00015431467909365892,4.960925579071045,0.0,526,640,7.324999999999999,0.59375,8
10.232154846191406,1.7136335372924805e-07,20.464313507080078,0.000145315847476013,4.882815837860107,0.0,527,640,5.449999999999999,0.4375,8
10.135758399963379,2.3841858265427618e-08,20.27151870727539,0.00013953616144135594,0.9742828607559204,0.0,528,640,6.574999999999999,0.53125,8
10.06741714477539,2.3841858265427618e-08,20.134836196899414,0.00013740274880547076,0.4450984597206116,0.0,529,640,6.574999999999999,0.53125,8
10.249859809875488,-1.7881394143159923e-08,20.49972152709961,0.0001390458201058209,4.267451286315918,0.0,530,640,5.824999999999999,0.46875,8
10.158775329589844,-1.5497207073167374e-07,20.317554473876953,0.0001468411210225895,3.6630940437316895,0.0,531,640,5.824999999999999,0.46875,8
10.089173316955566,-5.9604645663569045e-09,20.1783504486084,0.00015005210298113525,2.571319341659546,0.0,532,640,6.949999999999999,0.5625,8
10.059028625488281,-7.450580596923828e-08,20.118061065673828,0.00014671141980215907,1.926730751991272,0.0,533,640,6.949999999999999,0.5625,8
10.383445739746094,1.1920929132713809e-08,20.766895294189453,0.00014687530347146094,4.320987701416016,0.0,534,640,5.824999999999999,0.46875,8
10.467412948608398,5.364417887676609e-08,20.934829711914062,0.00014608673518523574,9.347480773925781,0.0,535,640,4.699999999999999,0.375,8
9.892111778259277,-3.5762788286319847e-08,19.78422737121582,0.00014494276547338814,8.581149101257324,0.0,536,640,8.075,0.65625,8
10.14632511138916,-1.4901161193847656e-08,20.292654037475586,0.00014406678383238614,0.43461874127388,0.0,537,640,6.574999999999999,0.53125,8
9.63852310180664,5.9604645663569045e-09,19.277048110961914,0.00013760480214841664,9.34615707397461,0.0,538,640,8.45,0.6875,8
10.68715763092041,6.258487417198921e-08,21.374317169189453,0.00013207446318119764,10.855802536010742,0.0,539,640,4.699999999999999,0.375,8
10.312539100646973,1.7881394143159923e-08,20.625080108642578,0.000136430753627792,4.520256042480469,0.0,540,640,5.824999999999999,0.46875,8
10.120354652404785,-2.9802322831784522e-09,20.240711212158203,0.00013501053035724908,0.25801193714141846,0.0,541,640,6.574999999999999,0.53125,8
10.300965309143066,1.4901161193847656e-08,20.601932525634766,0.00013785921328235418,6.919052600860596,0.0,542,640,5.074999999999999,0.40625,8
10.162314414978027,-2.6822089438383045e-08,20.324630737304688,0.0001417635357938707,1.8260349035263062,0.0,543,640,5.824999999999999,0.46875,8
10.213460922241211,-5.21540641784668e-08,20.426925659179688,0.00014392237062565982,4.730724334716797,0.0,544,640,6.949999999999999,0.5625,8
10.143416404724121,-4.7683716530855236e-08,20.286834716796875,0.00014164661115501076,0.8868354558944702,0.0,545,640,5.824999999999999,0.46875,8
10.430241584777832,-7.152557657263969e-08,20.860485076904297,0.00013947438856121153,12.97678279876709,0.0,546,640,8.45,0.6875,8
10.16718864440918,-5.06639494801675e-08,20.334379196166992,0.00013752482482232153,2.698789358139038,0.0,547,640,6.574999999999999,0.53125,8
10.090081214904785,-8.940697071579962e-09,20.180164337158203,0.00013382465112954378,7.495682716369629,0.0,548,640,7.699999999999999,0.625,8
9.980925559997559,-4.470348358154297e-08,19.96185302734375,0.0001300603325944394,4.258857727050781,0.0,549,640,7.324999999999999,0.59375,8
10.20520305633545,2.9802322387695312e-08,20.41040802001953,0.00012996880104765296,2.492501735687256,0.0,550,640,6.199999999999999,0.5,8
10.435571670532227,-1.4901161415892261e-09,20.871145248413086,0.00013071969442535192,8.131119728088379,0.0,551,640,5.074999999999999,0.40625,8
10.016521453857422,-1.4901161193847656e-08,20.033044815063477,0.00013016902084928006,1.788517713546753,0.0,552,640,6.949999999999999,0.5625,8
9.597233772277832,-7.450580596923828e-09,19.194469451904297,0.00012915109982714057,9.054683685302734,0.0,553,640,8.45,0.6875,8
10.482312202453613,3.278255533700758e-08,20.96462631225586,0.00012939829321112484,7.040633201599121,0.0,554,640,5.449999999999999,0.4375,8
9.878531455993652,-1.7881394143159923e-08,19.757064819335938,0.00013011746341362596,2.6684489250183105,0.0,555,640,7.324999999999999,0.59375,8
9.970608711242676,4.470348358154297e-08,19.941219329833984,0.00013012837735004723,0.18022368848323822,0.0,556,640,6.949999999999999,0.5625,8
10.95511245727539,-3.5762788286319847e-08,21.910226821899414,0.00013347451749723405,11.869105339050293,0.0,557,640,4.699999999999999,0.375,8
9.971789360046387,-7.152557657263969e-08,19.943580627441406,0.0001378954912070185,0.16803358495235443,0.0,558,640,6.949999999999999,0.5625,8
9.99817943572998,-1.1920929132713809e-08,19.996360778808594,0.00014022074174135923,0.14148788154125214,0.0,559,640,6.949999999999999,0.5625,8
8.278547286987305,-3.278255533700758e-08,16.557096481323242,0.00013946615217719227,19.269624710083008,0.0,560,640,10.7,0.875,8
11.263566970825195,2.9802322387695312e-08,22.527135848999023,0.00013948035484645516,14.238191604614258,0.0,561,640,4.324999999999999,0.34375,8
10.49417781829834,1.1920929132713809e-08,20.988357543945312,0.00014064452261663973,5.938112258911133,0.0,562,640,5.824999999999999,0.46875,8
10.244714736938477,-1.7881394143159923e-08,20.489431381225586,0.00014205274055711925,2.9971959590911865,0.0,563,640,6.199999999999999,0.5,8
10.595410346984863,-9.536743306171047e-08,21.190824508666992,0.0001479767815908417,11.503939628601074,0.0,564,640,4.324999999999999,0.34375,8
10.193743705749512,-1.370906801412275e-07,20.38749122619629,0.00015175175212789327,4.214917182922363,0.0,565,640,5.449999999999999,0.4375,8
10.164934158325195,-1.1920929132713809e-08,20.329872131347656,0.00016209464229177684,0.8329492211341858,0.0,566,640,6.199999999999999,0.5,8
9.912428855895996,-1.341104507446289e-07,19.824861526489258,0.0001617736415937543,8.331847190856934,0.0,567,640,4.324999999999999,0.34375,8
10.224239349365234,-1.7881394143159923e-08,20.448482513427734,0.0001719677384244278,3.770681381225586,0.0,568,640,6.574999999999999,0.53125,8
10.100263595581055,-1.1324882365215672e-07,20.200531005859375,0.00016713057993911207,0.17860305309295654,0.0,569,640,5.824999999999999,0.46875,8
9.845465660095215,-8.940696716308594e-08,19.690935134887695,0.00017799838678911328,5.5266571044921875,0.0,570,640,4.699999999999999,0.375,8
10.420599937438965,8.791685246478664e-08,20.841203689575195,0.000193240208318457,6.5488691329956055,0.0,571,640,6.949999999999999,0.5625,8
9.841008186340332,-6.705522537231445e-08,19.68202018737793,0.00019178194634150714,2.984408378601074,0.0,572,640,5.074999999999999,0.40625,8
10.087974548339844,-5.960464477539063e-08,20.175952911376953,0.00019784986216109246,1.1124165058135986,0.0,573,640,5.824999999999999,0.46875,8
10.226917266845703,-1.668930025289228e-07,20.453838348388672,0.00019457786402199417,2.4051992893218994,0.0,574,640,6.199999999999999,0.5,8
10.077566146850586,-1.0728835775353218e-07,20.155136108398438,0.00019113949383608997,0.3499290645122528,0.0,575,640,5.824999999999999,0.46875,8
9.814184188842773,-1.8775463672682235e-07,19.628372192382812,0.00020056897483300418,7.919997692108154,0.0,576,640,4.324999999999999,0.34375,8
10.09671401977539,-3.397464638510428e-07,20.193431854248047,0.00021303768153302372,0.3080662190914154,0.0,577,640,5.824999999999999,0.46875,8
10.137947082519531,-6.556511067401516e-08,20.275897979736328,0.0002330124843865633,2.187821388244629,0.0,578,640,6.199999999999999,0.5,8
10.129444122314453,-2.74181360282455e-07,20.258892059326172,0.00021645132801495492,0.512601375579834,0.0,579,640,5.824999999999999,0.46875,8
10.220785140991211,-3.5762788286319847e-08,20.441574096679688,0.0001825792423915118,4.753382205963135,0.0,580,640,6.949999999999999,0.5625,8
10.152535438537598,-6.616115797442035e-07,20.305076599121094,0.00016381253954023123,13.489688873291016,0.0,581,640,8.825,0.71875,8
10.084732055664062,-1.341104507446289e-07,20.16946792602539,0.00014828599523752928,2.376174211502075,0.0,582,640,6.949999999999999,0.5625,8
10.524612426757812,8.940696716308594e-08,21.049226760864258,0.00014234364789444953,10.233773231506348,0.0,583,640,4.699999999999999,0.375,8
10.363886833190918,1.1920929132713809e-08,20.72777557373047,0.00014009271399118006,6.146155834197998,0.0,584,640,5.449999999999999,0.4375,8
10.378628730773926,-1.4901161193847656e-08,20.757259368896484,0.00014140892017167062,9.3567533493042,0.0,585,640,4.699999999999999,0.375,8
10.187911987304688,-1.1920929132713809e-08,20.375825881958008,0.00014126647147350013,4.353081226348877,0.0,586,640,5.449999999999999,0.4375,8
10.161786079406738,-3.8743017682918435e-08,20.323575973510742,0.00014458640362136066,2.373749017715454,0.0,587,640,6.574999999999999,0.53125,8
10.162796974182129,-1.7881394143159923e-08,20.32559585571289,0.00014144243323244154,7.996889591217041,0.0,588,640,7.699999999999999,0.625,8
10.116450309753418,-1.4901161193847656e-08,20.2329044342041,0.00014609339996241033,3.8736977577209473,0.0,589,640,5.449999999999999,0.4375,8
10.126317977905273,-1.1920928955078125e-07,20.252639770507812,0.0001513873867224902,1.3354413509368896,0.0,590,640,5.824999999999999,0.46875,8
10.372492790222168,1.7881394143159923e-08,20.7449893951416,0.00015439595154020935,12.809408187866211,0.0,591,640,8.45,0.6875,8
10.1767578125,-5.9604645663569045e-09,20.353519439697266,0.00015303853433579206,4.524363994598389,0.0,592,640,6.949999999999999,0.5625,8
10.146907806396484,-0.0,20.293819427490234,0.0001474784512538463,1.6942577362060547,0.0,593,640,5.824999999999999,0.46875,8
10.148479461669922,-2.6822089438383045e-08,20.29696273803711,0.00015179025649558753,2.1844282150268555,0.0,594,640,6.574999999999999,0.53125,8
10.130728721618652,-5.960464477539063e-08,20.26146125793457,0.00014600319263990968,1.4287006855010986,0.0,595,640,6.574999999999999,0.53125,8
10.034041404724121,-5.9604645663569045e-09,20.068084716796875,0.00014152259973343462,2.256225347518921,0.0,596,640,6.949999999999999,0.5625,8
10.371950149536133,1.4901161193847656e-08,20.7439022064209,0.0001417293242411688,6.2860331535339355,0.0,597,640,5.449999999999999,0.4375,8
9.802988052368164,-0.0,19.60597801208496,0.00014064600691199303,5.0856218338012695,0.0,598,640,7.699999999999999,0.625,8
9.711133003234863,-7.152557657263969e-08,19.42226791381836,0.00014088850002735853,4.26497745513916,0.0,599,640,7.699999999999999,0.625,8
10.790973663330078,4.17232506322307e-08,21.58194923400879,0.0001378222950734198,10.129032135009766,0.0,600,640,5.074999999999999,0.40625,8
8.834457397460938,-7.0123111761688506e-09,17.668916702270508,8.090960909612477e-05,4.940037250518799,0.0,601,1088,6.385000000000003,0.46875,15
8.333040237426758,-2.103693397259576e-08,16.66608238220215,8.32887162687257e-05,2.7256100177764893,0.0,602,1088,7.885000000000003,0.59375,15
8.551258087158203,5.25923349314894e-09,17.10251808166504,8.020813402254134e-05,1.1199666261672974,0.0,603,1088,7.135000000000003,0.53125,15
8.09679126739502,-3.5061555880844253e-09,16.193584442138672,8.084118599072099e-05,6.533313274383545,0.0,604,1088,8.635000000000003,0.65625,15
8.837117195129395,-1.2271544669317791e-08,17.674236297607422,7.975340849952772e-05,6.194363117218018,0.0,605,1088,6.010000000000003,0.4375,15
8.571557998657227,2.103693397259576e-08,17.143117904663086,7.977271161507815e-05,1.7393549680709839,0.0,606,1088,6.760000000000003,0.5,15
8.40280818939209,7.0123111761688506e-09,16.805618286132812,8.018016524147242e-05,2.520334243774414,0.0,607,1088,7.510000000000003,0.5625,15
8.37106990814209,1.4024622352337701e-08,16.742141723632812,7.935403846204281e-05,2.1531989574432373,0.0,608,1088,7.510000000000003,0.5625,15
8.615717887878418,7.0123111761688506e-09,17.23143768310547,7.857453601900488e-05,3.6260173320770264,0.0,609,1088,6.385000000000003,0.46875,15
8.588790893554688,-1.753077860655594e-08,17.177583694458008,8.005450217751786e-05,3.0090999603271484,0.0,610,1088,6.385000000000003,0.46875,15
8.304076194763184,1.4024622352337701e-08,16.608154296875,7.993675535544753e-05,6.554409980773926,0.0,611,1088,8.260000000000003,0.625,15
8.371129989624023,-1.051846698629788e-08,16.74226188659668,7.980366353876889e-05,2.2988312244415283,0.0,612,1088,7.510000000000003,0.5625,15
8.772113800048828,-2.8049244704675402e-08,17.54422950744629,7.955147157190368e-05,7.30879020690918,0.0,613,1088,5.635000000000003,0.40625,15
8.193424224853516,7.0123111761688506e-09,16.386850357055664,7.909053965704516e-05,5.509167194366455,0.0,614,1088,8.260000000000003,0.625,15
8.528493881225586,-4.0320788485814774e-08,17.056989669799805,7.896553870523348e-05,2.0891458988189697,0.0,615,1088,6.760000000000003,0.5,15
8.25888729095459,-1.4024622352337701e-08,16.517776489257812,7.994403131306171e-05,3.4013824462890625,0.0,616,1088,7.885000000000003,0.59375,15
8.21213436126709,1.4024622352337701e-08,16.424270629882812,7.944769458845258e-05,2.6095075607299805,0.0,617,1088,7.885000000000003,0.59375,15
8.87075138092041,-2.8049244704675402e-08,17.741504669189453,8.001852984307334e-05,7.083655834197998,0.0,618,1088,6.010000000000003,0.4375,15
8.339502334594727,1.051846698629788e-08,16.679006576538086,7.990393351064995e-05,0.2110099345445633,0.0,619,1088,7.510000000000003,0.5625,15
9.029626846313477,1.753077860655594e-08,18.059255599975586,7.84967778599821e-05,9.06437873840332,0.0,620,1088,5.635000000000003,0.40625,15
8.544198989868164,-1.2271544669317791e-08,17.08839988708496,7.980138616403565e-05,2.6865105628967285,0.0,621,1088,6.760000000000003,0.5,15
8.665589332580566,-1.2271544669317791e-08,17.331180572509766,8.029344462556764e-05,5.3108344078063965,0.0,622,1088,6.010000000000003,0.4375,15
8.594718933105469,-7.187618678017316e-08,17.18943977355957,8.184136095223948e-05,7.656297206878662,0.0,623,1088,5.260000000000003,0.375,15
8.433990478515625,-6.837003496684702e-08,16.867982864379883,8.322106441482902e-05,2.476832866668701,0.0,624,1088,6.010000000000003,0.4375,15
8.160569190979004,-7.88884975122528e-08,16.32114028930664,8.845050615491346e-05,6.328296661376953,0.0,625,1088,4.885000000000003,0.34375,15
9.005834579467773,4.207386794519152e-08,18.01167106628418,9.063578181667253e-05,11.214170455932617,0.0,626,1088,8.260000000000003,0.625,15
7.987375736236572,-7.0123111761688506e-09,15.974753379821777,9.17500292416662e-05,4.830547332763672,0.0,627,1088,4.885000000000003,0.34375,15
8.630576133728027,-1.753077860655594e-08,17.261154174804688,9.402612340636551e-05,4.742648124694824,0.0,628,1088,6.760000000000003,0.5,15
8.953950881958008,-1.753077860655594e-08,17.90790367126465,9.23730040085502e-05,9.559679985046387,0.0,629,1088,7.885000000000003,0.59375,15
8.522906303405762,2.4543089338635582e-08,17.045814514160156,8.900628745323047e-05,2.9728920459747314,0.0,630,1088,6.760000000000003,0.5,15
8.539558410644531,2.103693397259576e-08,17.079118728637695,8.648729999549687e-05,5.26093053817749,0.0,631,1088,7.510000000000003,0.5625,15
8.383185386657715,6.311080369414412e-08,16.766372680664062,8.508114115102217e-05,6.749227523803711,0.0,632,1088,5.260000000000003,0.375,15
8.449624061584473,-7.0123111761688506e-09,16.899250030517578,8.309687109431252e-05,0.17894110083580017,0.0,633,1088,6.760000000000003,0.5,15
8.414694786071777,-3.506155721311188e-08,16.829391479492188,8.162143058143556e-05,0.7507792711257935,0.0,634,1088,6.760000000000003,0.5,15
8.446355819702148,7.0123111761688506e-09,16.89271354675293,8.226616046158597e-05,2.3211097717285156,0.0,635,1088,6.385000000000003,0.46875,15
8.38837718963623,-2.103693397259576e-08,16.776756286621094,8.398439968004823e-05,1.586176872253418,0.0,636,1088,7.135000000000003,0.53125,15
8.446929931640625,-0.0,16.893861770629883,8.449974120594561e-05,3.906949758529663,0.0,637,1088,6.010000000000003,0.4375,15
8.404884338378906,-8.76538930327797e-09,16.809770584106445,8.566387259634212e-05,1.8136547803878784,0.0,638,1088,7.135000000000003,0.53125,15
8.425972938537598,-2.4543089338635582e-08,16.851947784423828,8.630706724943593e-05,3.728487730026245,0.0,639,1088,6.010000000000003,0.4375,15
8.40380859375,-3.5061555880844253e-09,16.807619094848633,8.707262895768508e-05,0.42386841773986816,0.0,640,1088,6.760000000000003,0.5,15
8.362669944763184,1.4024622352337701e-08,16.725341796875,8.572558726882562e-05,5.4644365310668945,0.0,641,1088,7.885000000000003,0.59375,15
8.339117050170898,1.4024622352337701e-08,16.67823600769043,8.557021646993235e-05,2.582612991333008,0.0,642,1088,7.510000000000003,0.5625,15
8.612677574157715,-1.4024622352337701e-08,17.225357055664062,8.503619756083935e-05,7.185131549835205,0.0,643,1088,5.635000000000003,0.40625,15
8.541415214538574,-3.330847775373513e-08,17.08283233642578,8.535529195796698e-05,6.746362686157227,0.0,644,1088,5.635000000000003,0.40625,15
8.375886917114258,-4.9086178677271164e-08,16.75177574157715,8.628152136225253e-05,0.9554259777069092,0.0,645,1088,7.135000000000003,0.53125,15
8.232388496398926,-4.207386794519152e-08,16.464778900146484,8.635305130155757e-05,5.883866786956787,0.0,646,1088,8.260000000000003,0.625,15
8.37973690032959,4.207386794519152e-08,16.759475708007812,8.504321158397943e-05,0.4206981062889099,0.0,647,1088,7.135000000000003,0.53125,15
8.811665534973145,-1.4024622352337701e-08,17.623332977294922,8.545858145225793e-05,11.19883918762207,0.0,648,1088,4.885000000000003,0.34375,15
8.154492378234863,4.207386794519152e-08,16.30898666381836,8.47470000735484e-05,5.5078043937683105,0.0,649,1088,8.260000000000003,0.625,15
8.676377296447754,3.681463311977495e-08,17.35275650024414,8.498597890138626e-05,7.477692604064941,0.0,650,1088,5.635000000000003,0.40625,15
8.352409362792969,-4.3826943851854594e-08,16.70482063293457,8.670255920151249e-05,0.3231821060180664,0.0,651,1088,7.135000000000003,0.53125,15
8.373053550720215,-1.753077860655594e-08,16.746109008789062,8.720302867004648e-05,0.08422836661338806,0.0,652,1088,7.135000000000003,0.53125,15
8.322778701782227,-3.155540184707206e-08,16.645559310913086,9.04975167941302e-05,0.26998206973075867,0.0,653,1088,7.135000000000003,0.53125,15
8.29690170288086,2.103693397259576e-08,16.59380531311035,9.677899652160704e-05,1.2255725860595703,0.0,654,1088,7.510000000000003,0.5625,15
8.559263229370117,-3.506155721311188e-08,17.118528366088867,9.952474647434428e-05,4.6290388107299805,0.0,655,1088,6.385000000000003,0.46875,15
8.25295639038086,-5.6098489409350805e-08,16.50591468811035,0.00010163905972149223,0.8375405073165894,0.0,656,1088,7.510000000000003,0.5625,15
8.172053337097168,-5.25923349314894e-09,16.34410858154297,0.00010149025911232457,1.6454343795776367,0.0,657,1088,7.885000000000003,0.59375,15
8.604784965515137,-2.4543089338635582e-08,17.209571838378906,0.00010044174268841743,4.255886554718018,0.0,658,1088,6.760000000000003,0.5,15
8.81641674041748,1.4024622352337701e-08,17.632835388183594,0.00010322401794837788,7.119142532348633,0.0,659,1088,6.010000000000003,0.4375,15
8.442675590515137,-2.8049244704675402e-08,16.885353088378906,0.00010849749378394336,2.0209341049194336,0.0,660,1088,6.760000000000003,0.5,15
8.359536170959473,5.960464477539063e-08,16.719074249267578,0.000113915819383692,0.9241856336593628,0.0,661,1088,7.135000000000003,0.53125,15
8.324262619018555,-3.681463311977495e-08,16.648527145385742,0.00011380387877579778,2.4131340980529785,0.0,662,1088,7.510000000000003,0.5625,15
8.425402641296387,-5.6098489409350805e-08,16.850807189941406,0.00011224421177757904,1.3230010271072388,0.0,663,1088,6.760000000000003,0.5,15
8.339969635009766,-5.6098489409350805e-08,16.679941177368164,0.00011158637062180787,2.209195137023926,0.0,664,1088,7.510000000000003,0.5625,15
8.42947769165039,3.5061555880844253e-09,16.858957290649414,0.00011259785969741642,1.4901148080825806,0.0,665,1088,6.760000000000003,0.5,15
8.427289962768555,-6.311080369414412e-08,16.854581832885742,0.00011140523565700278,2.3441975116729736,0.0,666,1088,6.385000000000003,0.46875,15
8.34122371673584,7.0123111761688506e-09,16.682449340820312,0.00011438207002356648,9.020760536193848,0.0,667,1088,8.635000000000003,0.65625,15
8.411064147949219,1.4024622352337701e-08,16.82213020324707,0.00011393493332434446,7.279454708099365,0.0,668,1088,5.260000000000003,0.375,15
8.4082612991333,-7.0123111761688506e-09,16.816524505615234,0.00011364935926394537,0.4129413664340973,0.0,669,1088,6.760000000000003,0.5,15
8.330559730529785,-1.1920928955078125e-07,16.661121368408203,0.00010971537267323583,8.720900535583496,0.0,670,1088,8.635000000000003,0.65625,15
8.089553833007812,-6.311080369414412e-08,16.179109573364258,0.00010455711162649095,7.484686374664307,0.0,671,1088,8.635000000000003,0.65625,15
8.635730743408203,1.051846698629788e-08,17.27146339416504,9.984111966332421e-05,6.247506618499756,0.0,672,1088,6.010000000000003,0.4375,15
8.947112083435059,-0.0,17.89422607421875,9.963401680579409e-05,15.004018783569336,0.0,673,1088,4.135000000000003,0.28125,15
8.433454513549805,1.051846698629788e-08,16.866910934448242,0.0001015610687318258,2.758838176727295,0.0,674,1088,6.385000000000003,0.46875,15
8.383577346801758,-1.2271544669317791e-08,16.76715660095215,0.00010447150998516008,1.4725744724273682,0.0,675,1088,7.135000000000003,0.53125,15
8.384624481201172,-4.207386794519152e-08,16.769250869750977,0.00010516971087781712,1.8190371990203857,0.0,676,1088,6.385000000000003,0.46875,15
8.432682037353516,2.2790011655615672e-08,16.865365982055664,0.00010673552606021985,5.815081596374512,0.0,677,1088,7.885000000000003,0.59375,15
8.461527824401855,-1.5260542568285018e-05,16.92308807373047,0.00011033772170776501,3.4232075214385986,6.990397594108799e-08,678,1088,7.510000000000003,0.5625,15
8.427664756774902,-7.71354251583034e-08,16.855331420898438,0.00011503793939482421,4.492550373077393,0.0,679,1088,6.010000000000003,0.4375,15
8.242179870605469,7.71354251583034e-08,16.48436164855957,0.00011809182615252212,8.201183319091797,0.0,680,1088,8.635000000000003,0.65625,15
8.305392265319824,3.506155721311188e-08,16.61078643798828,0.00012067186617059633,1.7083491086959839,0.0,681,1088,7.510000000000003,0.5625,15
8.254781723022461,-4.9086178677271164e-08,16.509565353393555,0.0001200026017613709,0.38235244154930115,0.0,682,1088,7.510000000000003,0.5625,15
8.737236976623535,-1.577770092353603e-08,17.474475860595703,0.00011923740385100245,6.053074836730957,0.0,683,1088,6.385000000000003,0.46875,15
8.7725830078125,-1.2271544669317791e-08,17.545167922973633,0.00012083465117029846,7.247366905212402,0.0,684,1088,6.010000000000003,0.4375,15
8.14661979675293,-4.5580023311231344e-08,16.293241500854492,0.0001232810172950849,2.2955899238586426,0.0,685,1088,7.885000000000003,0.59375,15
8.666987419128418,1.7530777940422126e-09,17.33397674560547,0.0001272499794140458,5.0149617195129395,0.0,686,1088,6.385000000000003,0.46875,15
8.606008529663086,-5.0839254583934235e-08,17.212018966674805,0.00013003188360016793,5.727663040161133,0.0,687,1088,6.010000000000003,0.4375,15
8.441734313964844,-1.1219697881870161e-07,16.88347053527832,0.0001355885760858655,4.416635990142822,0.0,688,1088,6.010000000000003,0.4375,15
8.300311088562012,-1.682954717807661e-07,16.600624084472656,0.00013985807891003788,8.360493659973145,0.0,689,1088,4.885000000000003,0.34375,15
8.385632514953613,1.7530777940422126e-09,16.771268844604492,0.0001500558282714337,0.5721014142036438,0.0,690,1088,6.385000000000003,0.46875,15
8.575417518615723,2.4543089338635582e-08,17.15083885192871,0.00015454918320756406,5.938722610473633,0.0,691,1088,7.510000000000003,0.5625,15
8.426734924316406,-5.2592334043310984e-08,16.853473663330078,0.000149473940837197,1.5122787952423096,0.0,692,1088,6.760000000000003,0.5,15
8.38288688659668,-1.4024622352337701e-08,16.765775680541992,0.00014295263099484146,0.3109641969203949,0.0,693,1088,6.760000000000003,0.5,15
8.182005882263184,-2.8049244704675402e-08,16.364013671875,0.00013803842011839151,7.982522964477539,0.0,694,1088,8.635000000000003,0.65625,15
8.392711639404297,7.0123111761688506e-09,16.785425186157227,0.00013464379298966378,2.040303945541382,0.0,695,1088,6.760000000000003,0.5,15
8.658278465270996,7.0123111761688506e-09,17.316558837890625,0.0001335347187705338,7.32603645324707,0.0,696,1088,5.635000000000003,0.40625,15
8.390172958374023,3.5061555880844253e-09,16.78034782409668,0.00013626916916109622,0.6599148511886597,0.0,697,1088,7.135000000000003,0.53125,15
8.57811450958252,-3.330847775373513e-08,17.156230926513672,0.0001395508152199909,10.104681968688965,0.0,698,1088,4.885000000000003,0.34375,15
8.391698837280273,7.0123111761688506e-09,16.78339958190918,0.0001376638247165829,1.1083227396011353,0.0,699,1088,7.135000000000003,0.53125,15
8.421072006225586,-2.4543089338635582e-08,16.842145919799805,0.00013714756642002612,2.4430298805236816,0.0,700,1088,6.385000000000003,0.46875,15
8.346903800964355,-1.0518466808662197e-07,16.693811416625977,0.000143537312396802,8.832839965820312,0.0,701,1088,4.885000000000003,0.34375,15
8.311468124389648,-9.116004662246269e-08,16.622940063476562,0.00014860977535136044,2.088862657546997,0.0,702,1088,6.010000000000003,0.4375,15
8.772261619567871,8.414773589038305e-08,17.544527053833008,0.00016167278226930648,9.757925987243652,0.0,703,1088,8.260000000000003,0.625,15
8.20192813873291,-7.71354251583034e-08,16.403860092163086,0.0001578396331751719,2.7974820137023926,0.0,704,1088,5.635000000000003,0.40625,15
8.56516170501709,-1.051846698629788e-08,17.130327224731445,0.00016424171917606145,4.895834922790527,0.0,705,1088,7.135000000000003,0.53125,15
8.5845308303833,-1.051846698629788e-08,17.169065475463867,0.00015898016863502562,5.9469122886657715,0.0,706,1088,7.510000000000003,0.5625,15
8.53100299835205,-2.4543089338635582e-08,17.062009811401367,0.00015363139391411096,6.598402500152588,0.0,707,1088,7.885000000000003,0.59375,15
8.377348899841309,-9.116004662246269e-08,16.754701614379883,0.000146316786413081,5.164064407348633,0.0,708,1088,7.885000000000003,0.59375,15
8.479714393615723,-0.0,16.959430694580078,0.0001396140578435734,3.026911497116089,0.0,709,1088,6.385000000000003,0.46875,15
8.169621467590332,-8.765388770370919e-08,16.339244842529297,0.00013720733113586903,7.5945143699646,0.0,710,1088,8.635000000000003,0.65625,15
8.48679256439209,3.5061555880844253e-09,16.973587036132812,0.00013320610742084682,3.787353038787842,0.0,711,1088,6.385000000000003,0.46875,15
8.310239791870117,-1.4024622352337701e-08,16.620481491088867,0.00013108646089676768,1.6252460479736328,0.0,712,1088,7.510000000000003,0.5625,15
8.065688133239746,-4.5580023311231344e-08,16.131378173828125,0.00012861628783866763,4.439603805541992,0.0,713,1088,8.260000000000003,0.625,15
8.757281303405762,1.4024622352337701e-08,17.514564514160156,0.0001275333488592878,7.1156229972839355,0.0,714,1088,6.010000000000003,0.4375,15
8.85190486907959,-4.207386794519152e-08,17.703811645507812,0.00012927666830364615,10.303241729736328,0.0,715,1088,5.260000000000003,0.375,15
8.27225112915039,-2.103693397259576e-08,16.544504165649414,0.00012967479415237904,0.9934198260307312,0.0,716,1088,7.510000000000003,0.5625,15
9.07679557800293,-1.0392244803369977e-05,18.153614044189453,0.00012646136747207493,13.82504940032959,3.9389465911199295e-08,717,1088,4.510000000000003,0.3125,15
8.474371910095215,7.0123111761688506e-09,16.948745727539062,0.0001284298487007618,3.599921703338623,0.0,718,1088,6.385000000000003,0.46875,15
8.35927677154541,2.8049244704675402e-08,16.718555450439453,0.000130260712467134,0.6928392648696899,0.0,719,1088,7.135000000000003,0.53125,15
8.374536514282227,-0.0001340298040304333,16.749343872070312,0.00011923443526029587,2.046635150909424,4.074481694260612e-06,720,1088,7.510000000000003,0.5625,15
8.206146240234375,-1.542708503166068e-07,16.412294387817383,9.834609227254987e-05,3.075343132019043,0.0,721,1088,7.885000000000003,0.59375,15
8.581690788269043,3.506155721311188e-08,17.16338348388672,8.73702229000628e-05,4.731629848480225,0.0,722,1088,6.385000000000003,0.46875,15
8.961650848388672,9.116004662246269e-08,17.923303604125977,8.124334271997213e-05,11.759668350219727,0.0,723,1088,4.885000000000003,0.34375,15
8.414970397949219,-2.9802322387695312e-08,16.82994270324707,7.942883530631661e-05,1.3792058229446411,0.0,724,1088,6.760000000000003,0.5,15
8.345415115356445,-7.0123111761688506e-09,16.690832138061523,8.03342554718256e-05,4.727474212646484,0.0,725,1088,7.885000000000003,0.59375,15
8.404531478881836,-0.0,16.809064865112305,7.804963388480246e-05,0.43373385071754456,0.0,726,1088,6.760000000000003,0.5,15
8.38284683227539,5.6098489409350805e-08,16.765695571899414,8.060363325057551e-05,7.243445873260498,0.0,727,1088,8.260000000000003,0.625,15
8.400903701782227,-2.8049244704675402e-08,16.801809310913086,8.003248512977734e-05,1.1647785902023315,0.0,728,1088,7.135000000000003,0.53125,15
8.180639266967773,-7.0123111761688506e-09,16.36128044128418,7.539371290476993e-05,5.618957042694092,0.0,729,1088,8.260000000000003,0.625,15
8.286065101623535,-4.7333099217894414e-08,16.572132110595703,7.125898991944268e-05,0.648799479007721,0.0,730,1088,7.510000000000003,0.5625,15
8.669365882873535,1.4024622352337701e-08,17.338733673095703,6.844998279120773e-05,5.676122188568115,0.0,731,1088,6.385000000000003,0.46875,15
7.989113807678223,-3.506155721311188e-08,15.978228569030762,6.76330309943296e-05,3.1473324298858643,0.0,732,1088,8.260000000000003,0.625,15
8.592612266540527,4.0320788485814774e-08,17.185226440429688,6.646168185397983e-05,4.561259746551514,0.0,733,1088,6.760000000000003,0.5,15
8.70726203918457,7.0123111761688506e-09,17.414525985717773,6.617089093197137e-05,5.878960132598877,0.0,734,1088,6.385000000000003,0.46875,15
8.470315933227539,1.7530777940422126e-09,16.94063377380371,6.87341089360416e-05,2.91701078414917,0.0,735,1088,6.760000000000003,0.5,15
8.177945137023926,4.3826943851854594e-08,16.355892181396484,6.919615407241508e-05,3.15604305267334,0.0,736,1088,7.885000000000003,0.59375,15
8.42431354522705,-4.7333099217894414e-08,16.848628997802734,6.949705857550725e-05,2.0650441646575928,0.0,737,1088,6.760000000000003,0.5,15
8.22822380065918,-2.8049244704675402e-08,16.456449508666992,7.015088340267539e-05,3.797902822494507,0.0,738,1088,7.885000000000003,0.59375,15
8.132797241210938,7.0123111761688506e-09,16.265596389770508,7.053299486869946e-05,5.018828868865967,0.0,739,1088,8.260000000000003,0.625,15
8.655200004577637,-0.0,17.310401916503906,7.0918831625022e-05,6.33519172668457,0.0,740,1088,6.010000000000003,0.4375,15
8.16707992553711,-2.8049244704675402e-08,16.33416175842285,7.077860936988145e-05,2.726067066192627,0.0,741,1088,7.885000000000003,0.59375,15
8.277015686035156,-2.4543089338635582e-08,16.554033279418945,6.886840128572658e-05,0.14024147391319275,0.0,742,1088,7.510000000000003,0.5625,15
7.948853015899658,-4.9086178677271164e-08,15.897706985473633,6.781515548937023e-05,3.0520291328430176,0.0,743,1088,8.260000000000003,0.625,15
8.99443244934082,-2.8049244704675402e-08,17.988866806030273,6.620388739975169e-05,8.6715669631958,0.0,744,1088,6.010000000000003,0.4375,15
7.563058853149414,-2.2790011655615672e-08,15.126118659973145,6.635658792220056e-05,5.954127788543701,0.0,745,1088,9.010000000000003,0.6875,15
9.585864067077637,-3.330847775373513e-08,19.171730041503906,6.591781129827723e-05,14.572461128234863,0.0,746,1088,4.885000000000003,0.34375,15
8.111237525939941,-1.4024622352337701e-08,16.222476959228516,6.643327651545405e-05,0.2680724561214447,0.0,747,1088,7.885000000000003,0.59375,15
8.829974174499512,-2.103693397259576e-08,17.659950256347656,6.604925874853507e-05,6.985901832580566,0.0,748,1088,6.385000000000003,0.46875,15
8.579605102539062,-1.4024622352337701e-08,17.159212112426758,6.715703784720972e-05,4.283050537109375,0.0,749,1088,6.760000000000003,0.5,15
8.84985637664795,-4.207386794519152e-08,17.69971466064453,6.939610466361046e-05,8.57726764678955,0.0,750,1088,5.635000000000003,0.40625,15
8.380120277404785,-1.753077860655594e-08,16.760242462158203,7.140615343814716e-05,0.16800732910633087,0.0,751,1088,7.135000000000003,0.53125,15
8.358609199523926,-1.4024622352337701e-08,16.717220306396484,7.286562322406098e-05,0.6918472647666931,0.0,752,1088,7.135000000000003,0.53125,15
8.52770709991455,3.5061555880844253e-09,17.055416107177734,7.286114851012826e-05,6.319121360778809,0.0,753,1088,5.635000000000003,0.40625,15
8.409201622009277,-3.506155721311188e-08,16.818405151367188,7.347909559030086e-05,1.275688886642456,0.0,754,1088,7.135000000000003,0.53125,15
8.404545783996582,-3.85677125791517e-08,16.809093475341797,7.315404945984483e-05,0.5274452567100525,0.0,755,1088,6.760000000000003,0.5,15
8.366071701049805,-0.0,16.732145309448242,7.33337365090847e-05,1.5942528247833252,0.0,756,1088,6.385000000000003,0.46875,15
8.485267639160156,-2.8049244704675402e-08,16.970537185668945,7.322001329157501e-05,6.172673225402832,0.0,757,1088,7.885000000000003,0.59375,15
8.409236907958984,-3.5061555880844253e-09,16.8184757232666,7.252098293974996e-05,1.9659535884857178,0.0,758,1088,7.135000000000003,0.53125,15
8.390131950378418,-3.506155721311188e-08,16.78026580810547,7.313786773011088e-05,1.9552198648452759,0.0,759,1088,6.385000000000003,0.46875,15
8.30765438079834,-3.155540184707206e-08,16.615310668945312,7.29437597328797e-05,10.501936912536621,0.0,760,1088,4.510000000000003,0.3125,15
8.194952964782715,-4.5580023311231344e-08,16.389907836914062,7.405254291370511e-05,7.683871269226074,0.0,761,1088,4.885000000000003,0.34375,15
7.9736433029174805,-8.414773589038305e-08,15.947288513183594,7.893441943451762e-05,6.283609390258789,0.0,762,1088,4.885000000000003,0.34375,15
8.769174575805664,3.506155721311188e-08,17.53835105895996,8.208217332139611e-05,7.330533504486084,0.0,763,1088,7.510000000000003,0.5625,15
8.127594947814941,-2.2790011655615672e-08,16.255191802978516,8.183498721336946e-05,1.4318969249725342,0.0,764,1088,5.635000000000003,0.40625,15
8.885542869567871,4.0320788485814774e-08,17.771087646484375,8.416258060606197e-05,7.941200256347656,0.0,765,1088,7.510000000000003,0.5625,15
8.24881649017334,-1.4024622352337701e-08,16.497634887695312,8.47245246404782e-05,0.1308906376361847,0.0,766,1088,6.010000000000003,0.4375,15
8.243739128112793,-4.0320788485814774e-08,16.48748016357422,8.370317664230242e-05,0.5347548127174377,0.0,767,1088,6.010000000000003,0.4375,15
8.010132789611816,-2.4543089338635582e-08,16.020267486572266,9.034503455040976e-05,3.783643960952759,0.0,768,1088,5.260000000000003,0.375,15
8.714316368103027,1.0518466808662197e-07,17.428634643554688,9.625923121348023e-05,5.577945232391357,0.0,769,1088,7.135000000000003,0.53125,15
8.812642097473145,-5.960464477539063e-08,17.625286102294922,9.03578766155988e-05,8.37226390838623,0.0,770,1088,7.885000000000003,0.59375,15
8.656041145324707,-1.4024622885244753e-07,17.312084197998047,8.403359242947772e-05,7.127012729644775,0.0,771,1088,7.885000000000003,0.59375,15
8.325309753417969,-2.8049244704675402e-08,16.65062141418457,8.140080171870068e-05,4.472366809844971,0.0,772,1088,5.635000000000003,0.40625,15
8.524862289428711,-1.2271544669317791e-08,17.049726486206055,7.904067751951516e-05,6.292052268981934,0.0,773,1088,7.885000000000003,0.59375,15
8.374211311340332,-8.76538930327797e-09,16.748424530029297,7.75936568970792e-05,1.1937179565429688,0.0,774,1088,6.385000000000003,0.46875,15
8.289885520935059,8.76538930327797e-09,16.57977294921875,7.884241495048627e-05,2.186070203781128,0.0,775,1088,6.010000000000003,0.4375,15
8.44303035736084,3.681463311977495e-08,16.886062622070312,8.26932373456657e-05,2.012723684310913,0.0,776,1088,6.760000000000003,0.5,15
8.347654342651367,-2.8049244704675402e-08,16.695310592651367,8.256931323558092e-05,0.1161542758345604,0.0,777,1088,6.385000000000003,0.46875,15
8.33395004272461,-7.012311442622376e-08,16.66790199279785,8.66875343490392e-05,0.11646106094121933,0.0,778,1088,6.385000000000003,0.46875,15
8.190374374389648,-7.0123111761688506e-09,16.38075065612793,9.397143730893731e-05,3.3329215049743652,0.0,779,1088,5.635000000000003,0.40625,15
8.246295928955078,-3.7165250432735775e-07,16.49259376525879,0.0001158466111519374,0.42469242215156555,0.0,780,1088,6.010000000000003,0.4375,15
8.420321464538574,-9.992543681391908e-08,16.84064483642578,0.00013541305088438094,2.074723243713379,0.0,781,1088,6.385000000000003,0.46875,15
8.349149703979492,-8.765388770370919e-08,16.698301315307617,0.0001356319262413308,1.5461180210113525,0.0,782,1088,6.385000000000003,0.46875,15
8.822394371032715,-4.4528175635605294e-07,17.644790649414062,0.00011635886767180637,9.397407531738281,0.0,783,1088,8.260000000000003,0.625,15
8.44851016998291,5.2592334043310984e-08,16.897022247314453,9.971906547434628e-05,4.240912914276123,0.0,784,1088,7.510000000000003,0.5625,15
8.378982543945312,-8.414773589038305e-08,16.757966995239258,8.700350008439273e-05,2.2871477603912354,0.0,785,1088,6.385000000000003,0.46875,15
8.386466026306152,-2.4543089338635582e-08,16.772933959960938,8.558588160667568e-05,3.6389994621276855,0.0,786,1088,6.010000000000003,0.4375,15
8.369755744934082,-1.2271544669317791e-08,16.739513397216797,8.959975093603134e-05,0.6946344971656799,0.0,787,1088,6.385000000000003,0.46875,15
8.50072193145752,4.207386794519152e-08,17.001445770263672,9.11280803848058e-05,3.5370664596557617,0.0,788,1088,7.135000000000003,0.53125,15
8.111754417419434,-8.414773589038305e-08,16.2235107421875,9.556336590321735e-05,5.223365783691406,0.0,789,1088,5.260000000000003,0.375,15
8.697999000549316,-1.051846698629788e-08,17.395999908447266,9.327113366452977e-05,7.7567338943481445,0.0,790,1088,7.885000000000003,0.59375,15
8.185050010681152,-3.155540184707206e-08,16.370101928710938,9.628687257645652e-05,3.086778402328491,0.0,791,1088,5.635000000000003,0.40625,15
8.522342681884766,1.4024622352337701e-08,17.044687271118164,9.650854917708784e-05,4.258647441864014,0.0,792,1088,7.135000000000003,0.53125,15
8.585406303405762,-7.71354251583034e-08,17.170814514160156,9.598103497410193e-05,7.2796454429626465,0.0,793,1088,7.885000000000003,0.59375,15
8.413657188415527,-4.5580023311231344e-08,16.827316284179688,8.682386396685615e-05,2.347208023071289,0.0,794,1088,7.135000000000003,0.53125,15
8.348315238952637,-3.155540184707206e-08,16.696632385253906,7.987971184775233e-05,0.8946741819381714,0.0,795,1088,7.135000000000003,0.53125,15
8.410618782043457,-7.0123111761688506e-09,16.821239471435547,7.781647582305595e-05,1.766711711883545,0.0,796,1088,6.760000000000003,0.5,15
8.344970703125,-2.103693397259576e-08,16.689943313598633,7.618141535203904e-05,1.4488354921340942,0.0,797,1088,7.510000000000003,0.5625,15
8.714617729187012,2.103693397259576e-08,17.429237365722656,7.588091102661565e-05,8.000200271606445,0.0,798,1088,5.635000000000003,0.40625,15
8.488101959228516,3.506155721311188e-08,16.976205825805664,7.562638347735628e-05,3.7196309566497803,0.0,799,1088,6.385000000000003,0.46875,15
8.275529861450195,-0.0,16.551061630249023,7.65656732255593e-05,4.032584190368652,0.0,800,1088,7.885000000000003,0.59375,15
