loss,policy_loss,value_loss,entropy,gradient_norm,approx_kl,update,timesteps,reward,success,dependency
28.464937210083008,-0.0003107413649559021,56.932228088378906,0.08662987500429153,8.393298149108887,1.6588252037763596e-05,1,256,6.845000000000001,0.59375,2
20.298261642456055,-0.0001545548439025879,40.59856414794922,0.08662744611501694,6.296080589294434,2.013053745031357e-06,2,256,4.970000000000001,0.4375,2
14.306715965270996,-0.0002596452832221985,28.61568260192871,0.08662380278110504,3.4719200134277344,5.932291969656944e-06,3,256,3.4700000000000006,0.3125,2
15.758843421936035,-0.0031022541224956512,31.525611877441406,0.08598820865154266,4.582845211029053,0.00032738130539655685,4,256,4.220000000000001,0.375,2
19.079734802246094,-0.00036334432661533356,38.16184616088867,0.08261195570230484,11.904936790466309,0.0008974362863227725,5,256,6.470000000000001,0.5625,2
16.252735137939453,-0.0017985999584197998,32.510589599609375,0.0760142058134079,3.636270523071289,0.0011083661811426282,6,256,5.345000000000001,0.46875,2
15.912497520446777,0.0005001723766326904,31.825416564941406,0.07109195739030838,0.9620074033737183,0.0001514424802735448,7,256,5.345000000000001,0.46875,2
15.524764060974121,0.0005839541554450989,31.049842834472656,0.07412753999233246,11.130478858947754,6.960518658161163e-05,8,256,3.8450000000000006,0.34375,2
15.716215133666992,-0.00139511376619339,31.436809539794922,0.07941675931215286,0.5900483727455139,0.0005964074516668916,9,256,5.720000000000001,0.5,2
15.589112281799316,-0.005637291818857193,31.191207885742188,0.08540283143520355,14.810173988342285,0.0012990168761461973,10,256,3.4700000000000006,0.3125,2
15.404145240783691,0.00024995580315589905,30.809524536132812,0.08664198219776154,9.172459602355957,0.0006699522491544485,11,256,4.220000000000001,0.375,2
15.258411407470703,-0.0006726663559675217,30.519887924194336,0.08597415685653687,5.4331955909729,0.00032993173226714134,12,256,4.595000000000001,0.40625,2
15.403271675109863,-0.004619129002094269,30.817415237426758,0.08165518939495087,0.8723204731941223,0.0017302283085882664,13,256,5.345000000000001,0.46875,2
15.011336326599121,-0.0012234896421432495,30.026554107666016,0.07174389064311981,3.330979108810425,0.0013299414422363043,14,256,4.595000000000001,0.40625,2
14.398709297180176,-0.005938142538070679,28.81056785583496,0.06362846493721008,6.922502040863037,0.0006109594833105803,15,256,3.8450000000000006,0.34375,2
16.42059326171875,-0.0007236003875732422,32.84376907348633,0.05675731226801872,11.553874969482422,0.00018052663654088974,16,256,6.470000000000001,0.5625,2
15.16956615447998,-0.0009583383798599243,30.342058181762695,0.05043238401412964,1.447125792503357,0.00028265174478292465,17,256,4.970000000000001,0.4375,2
15.14823055267334,0.00024782493710517883,30.29693031311035,0.04828943312168121,0.7006585597991943,1.469859853386879e-06,18,256,4.970000000000001,0.4375,2
15.742749214172363,-8.004903793334961e-05,31.486724853515625,0.05328032374382019,6.799621105194092,6.864010356366634e-05,19,256,6.095000000000001,0.53125,2
14.996933937072754,-0.0004589594900608063,29.995927810668945,0.05711204186081886,4.033751010894775,0.00010651256889104843,20,256,4.595000000000001,0.40625,2
15.857394218444824,-0.0008169785141944885,31.717634201049805,0.06055932119488716,10.430583000183105,6.414740346372128e-05,21,256,6.845000000000001,0.59375,2
15.472084999084473,-0.0009481236338615417,30.94732666015625,0.06302893906831741,4.390982627868652,5.330238491296768e-05,22,256,6.095000000000001,0.53125,2
15.36734390258789,7.748603820800781e-06,30.735946655273438,0.06371462345123291,0.5775027871131897,1.1175870895385742e-08,23,256,5.720000000000001,0.5,2
15.31009292602539,-0.001681685447692871,30.624732971191406,0.05925900489091873,1.5625187158584595,0.000139876501634717,24,256,6.095000000000001,0.53125,2
15.692063331604004,-0.0005112513899803162,31.386226654052734,0.05387655273079872,9.529911041259766,0.00016314652748405933,25,256,4.595000000000001,0.40625,2
14.923093795776367,0.00016130506992340088,29.846878051757812,0.050677914172410965,7.716019153594971,4.149484448134899e-05,26,256,7.220000000000001,0.625,2
14.590274810791016,0.0008100885897874832,29.179889678955078,0.04793788120150566,9.102343559265137,5.7901255786418915e-05,27,256,7.595000000000001,0.65625,2
15.101102828979492,-1.8484890460968018e-05,30.20319175720215,0.04752914980053902,0.40765687823295593,1.708976924419403e-07,28,256,6.470000000000001,0.5625,2
15.070712089538574,-0.0005256831645965576,30.143556594848633,0.054029762744903564,0.5220503211021423,0.0005266200751066208,29,256,6.470000000000001,0.5625,2
14.069620132446289,0.0002932976931333542,28.139896392822266,0.06217699870467186,10.116806983947754,0.0004102739039808512,30,256,7.970000000000001,0.6875,2
15.013806343078613,-0.0039057135581970215,30.03658676147461,0.05821787565946579,0.48326799273490906,0.0004178010858595371,31,256,6.470000000000001,0.5625,2
15.14315414428711,-0.0002799034118652344,30.287845611572266,0.04883740097284317,0.9534335136413574,0.0004351565148681402,32,256,6.095000000000001,0.53125,2
15.094475746154785,-0.00022374838590621948,30.19032096862793,0.046056173741817474,1.5306464433670044,6.334157660603523e-06,33,256,6.095000000000001,0.53125,2
15.253332138061523,0.0006303563714027405,30.50633430480957,0.04655049368739128,11.976249694824219,4.823948256671429e-05,34,256,3.8450000000000006,0.34375,2
14.91804027557373,-0.0008209943771362305,29.83879280090332,0.05354428291320801,3.8862709999084473,0.00044523831456899643,35,256,4.595000000000001,0.40625,2
16.083707809448242,6.021559238433838e-05,32.16847610473633,0.05907537788152695,10.092092514038086,1.5259720385074615e-06,36,256,6.470000000000001,0.5625,2
14.377147674560547,-0.0007946193218231201,28.756933212280273,0.052487727254629135,3.7926015853881836,5.009351298213005e-05,37,256,4.220000000000001,0.375,2
13.971400260925293,0.0003448985517024994,27.943218231201172,0.055374033749103546,3.9998250007629395,6.003677845001221e-05,38,256,3.8450000000000006,0.34375,2
17.168428421020508,-0.0014487914741039276,34.340797424316406,0.05212579667568207,13.626974105834961,8.299644105136395e-05,39,256,6.470000000000001,0.5625,2
18.086606979370117,0.0004962161183357239,36.173126220703125,0.045272454619407654,22.208738327026367,0.0003461078740656376,40,256,7.970000000000001,0.6875,2
15.758844375610352,-0.0019048787653446198,31.522228240966797,0.03648582473397255,8.279841423034668,0.00039853062480688095,41,256,6.095000000000001,0.53125,2
15.074945449829102,-3.400444984436035e-05,30.15060043334961,0.032043296843767166,0.9679609537124634,1.4666467905044556e-05,42,256,5.345000000000001,0.46875,2
15.046989440917969,-5.128234624862671e-05,30.09469985961914,0.03089939057826996,1.5432767868041992,7.566995918750763e-08,43,256,5.345000000000001,0.46875,2
14.757784843444824,-0.0010199695825576782,29.518310546875,0.03503723815083504,13.490089416503906,3.7329504266381264e-05,44,256,3.4700000000000006,0.3125,2
15.2129545211792,0.0005778465420007706,30.42549705505371,0.03719807416200638,5.746102333068848,6.0401856899261475e-05,45,256,6.470000000000001,0.5625,2
14.61497974395752,0.00011816620826721191,29.230501174926758,0.038879625499248505,13.267788887023926,7.226364687085152e-06,46,256,3.4700000000000006,0.3125,2
15.067018508911133,-0.0001861080527305603,30.13524055480957,0.04156907647848129,6.2065348625183105,1.0754447430372238e-05,47,256,6.470000000000001,0.5625,2
14.915178298950195,-0.0001612883061170578,29.831483840942383,0.04023187980055809,2.468228816986084,1.0356307029724121e-05,48,256,6.095000000000001,0.53125,2
15.187698364257812,-6.742402911186218e-05,30.376346588134766,0.04070235416293144,10.685140609741211,7.855705916881561e-07,49,256,4.220000000000001,0.375,2
14.643536567687988,0.00012384355068206787,29.287670135498047,0.04228197783231735,7.090112209320068,4.361220635473728e-05,50,256,4.595000000000001,0.40625,2
14.824408531188965,0.0004925690591335297,29.64874267578125,0.045491620898246765,11.139261245727539,3.0767638236284256e-05,51,256,7.220000000000001,0.625,2
14.610489845275879,-0.0003039352595806122,29.22246551513672,0.04383678734302521,5.63503360748291,2.918671816587448e-05,52,256,6.470000000000001,0.5625,2
14.411974906921387,-0.0004094671458005905,28.825597763061523,0.041489046066999435,6.139889717102051,7.724156603217125e-06,53,256,4.970000000000001,0.4375,2
13.862577438354492,-0.00029048696160316467,27.726533889770508,0.0398247167468071,13.193683624267578,3.098743036389351e-06,54,256,7.970000000000001,0.6875,2
14.043569564819336,-0.00044145435094833374,28.088836669921875,0.04076637700200081,7.2138752937316895,2.7481000870466232e-06,55,256,4.970000000000001,0.4375,2
13.666074752807617,-0.0015752464532852173,27.336206436157227,0.045334309339523315,4.917959213256836,0.00016837730072438717,56,256,4.970000000000001,0.4375,2
14.416163444519043,-0.002629898488521576,28.838579177856445,0.04956242814660072,8.12576675415039,0.000178241403773427,57,256,6.470000000000001,0.5625,2
12.22033405303955,-0.001593559980392456,24.44485092163086,0.049777671694755554,7.020963191986084,2.0186416804790497e-05,58,256,4.970000000000001,0.4375,2
12.061161994934082,-0.0025795921683311462,24.12851333618164,0.0514892116189003,7.434625148773193,3.7389807403087616e-05,59,256,6.095000000000001,0.53125,2
11.896136283874512,-0.005633298307657242,23.804607391357422,0.053403645753860474,6.268945693969727,0.00018778652884066105,60,256,5.720000000000001,0.5,2
9.773001670837402,-0.010082339867949486,19.567533493041992,0.06829378753900528,7.620004177093506,0.0031464211642742157,61,256,4.220000000000001,0.375,2
19.12287139892578,-0.013796769082546234,38.274696350097656,0.06810002774000168,27.23331642150879,0.0008531726198270917,62,256,8.345,0.71875,2
13.366904258728027,0.02871006354689598,26.677608489990234,0.06103546544909477,19.33291244506836,0.003386593423783779,63,256,8.345,0.71875,2
9.615072250366211,0.021976282820105553,19.186981201171875,0.03951839357614517,19.006418228149414,0.0028194389306008816,64,256,9.845,0.84375,2
11.114402770996094,0.0020242854952812195,22.225631713867188,0.04376008361577988,15.46208667755127,3.3393269404768944e-05,65,256,5.345000000000001,0.46875,2
10.814181327819824,-0.00853239931166172,21.646408081054688,0.04902268201112747,6.098366737365723,0.0011987937614321709,66,256,6.095000000000001,0.53125,2
8.3148193359375,-0.006983745843172073,16.644685745239258,0.05402063950896263,8.731987953186035,0.0005723459180444479,67,256,6.095000000000001,0.53125,2
11.324366569519043,-0.006618563085794449,22.66299819946289,0.051448673009872437,18.505002975463867,0.00029593438375741243,68,256,9.095,0.78125,2
9.805150032043457,-0.004375554621219635,19.62004280090332,0.0496101975440979,14.468548774719238,8.364208042621613e-05,69,256,8.72,0.75,2
8.567215919494629,-0.004332555457949638,17.144311904907227,0.06076015904545784,7.415953159332275,6.713345646858215e-05,70,256,6.470000000000001,0.5625,2
7.80425500869751,-0.005219124257564545,15.619821548461914,0.04369824007153511,9.276859283447266,9.735370986163616e-05,71,256,8.72,0.75,2
8.288802146911621,0.0004302412271499634,16.577680587768555,0.046837858855724335,14.712777137756348,1.5872064977884293e-06,72,256,9.845,0.84375,2
8.972657203674316,0.026852421462535858,17.892696380615234,0.05433332547545433,19.777015686035156,0.002997009316459298,73,256,10.22,0.875,2
9.241371154785156,0.012683136388659477,18.45808219909668,0.035292576998472214,14.527972221374512,0.0012299427762627602,74,256,8.345,0.71875,2
9.813934326171875,-0.017063550651073456,19.663036346435547,0.05209307372570038,17.303874969482422,0.004754326771944761,75,256,6.845000000000001,0.59375,2
5.429074764251709,-0.014052510261535645,10.887124061584473,0.04350903257727623,7.296201229095459,0.0014629429206252098,76,256,8.345,0.71875,2
11.35198974609375,-0.010039769113063812,22.725187301635742,0.056443724781274796,20.260183334350586,0.00036632735282182693,77,256,10.22,0.875,2
10.777711868286133,-0.00015236809849739075,21.556798934936523,0.05349313095211983,12.39818000793457,2.0145555026829243e-05,78,256,9.47,0.8125,2
9.815370559692383,0.0002994462847709656,19.631114959716797,0.04868462309241295,2.9069314002990723,5.690380930900574e-07,79,256,8.72,0.75,2
8.90291690826416,-0.00035092979669570923,17.80756950378418,0.05168570578098297,7.041874408721924,1.1258525773882866e-06,80,256,9.47,0.8125,2
7.910523414611816,-0.0008066482841968536,15.823653221130371,0.04965131729841232,6.211565971374512,3.230525180697441e-06,81,256,9.845,0.84375,2
9.529561996459961,-0.00740392692387104,19.07501792907715,0.054287515580654144,2.5155861377716064,0.000280083273537457,82,256,9.095,0.78125,2
8.837855339050293,-0.007464185357093811,17.691659927368164,0.051057860255241394,2.2820611000061035,0.0004017732571810484,83,256,9.47,0.8125,2
6.934067249298096,0.015571383759379387,13.83810806274414,0.055829279124736786,2.6249828338623047,0.0009015037212520838,84,256,10.22,0.875,2
6.405421257019043,0.013635300099849701,12.784801483154297,0.061486661434173584,2.4740171432495117,0.000918144010938704,85,256,10.22,0.875,2
18.616649627685547,-0.011115219444036484,37.256996154785156,0.07330074161291122,28.928627014160156,0.0015654725721105933,86,256,6.845000000000001,0.59375,2
8.524861335754395,0.0334494486451149,16.98438835144043,0.0782056525349617,4.7267374992370605,0.005832642782479525,87,256,9.845,0.84375,2
14.03908920288086,0.013620197772979736,28.052404403686523,0.07335413992404938,10.090283393859863,0.0010806298814713955,88,256,8.345,0.71875,2
16.976055145263672,0.0034646019339561462,33.94671630859375,0.07660825550556183,16.645891189575195,5.971279460936785e-05,89,256,7.220000000000001,0.625,2
20.06119155883789,0.002329498529434204,40.11920928955078,0.07423524558544159,22.554651260375977,0.00012593006249517202,90,256,6.095000000000001,0.53125,2
18.036300659179688,0.002422332763671875,36.06916809082031,0.07066109776496887,17.65200424194336,0.0002632576506584883,91,256,6.470000000000001,0.5625,2
17.46666145324707,0.0032443180680274963,34.92817306518555,0.0669112503528595,15.253640174865723,0.0001533053582534194,92,256,6.470000000000001,0.5625,2
19.283527374267578,0.0023858416825532913,38.56361389160156,0.06661359965801239,20.753978729248047,4.920712672173977e-05,93,256,5.345000000000001,0.46875,2
15.586478233337402,0.001257084310054779,31.1717586517334,0.06578287482261658,8.048388481140137,2.0681414753198624e-05,94,256,6.845000000000001,0.59375,2
15.886165618896484,0.0010142289102077484,31.771671295166016,0.068379245698452,8.682403564453125,2.4069100618362427e-05,95,256,6.470000000000001,0.5625,2
17.750083923339844,0.0006089657545089722,35.50033187866211,0.06911978125572205,17.093135833740234,2.4013454094529152e-05,96,256,4.970000000000001,0.4375,2
18.035261154174805,0.0003868192434310913,36.071144104003906,0.06977076083421707,20.315675735473633,5.552312359213829e-06,97,256,4.220000000000001,0.375,2
15.238260269165039,-3.11434268951416e-05,30.47795867919922,0.06872238963842392,2.562497854232788,1.560780219733715e-05,98,256,6.470000000000001,0.5625,2
14.573322296142578,5.840882658958435e-05,29.147859573364258,0.06657831370830536,4.2028679847717285,5.961814895272255e-05,99,256,7.220000000000001,0.625,2
14.878729820251465,5.897693336009979e-05,29.758676528930664,0.06672526150941849,1.7947994470596313,4.6817585825920105e-06,100,256,6.845000000000001,0.59375,2
15.403741836547852,-0.00032667070627212524,30.809528350830078,0.06948251277208328,3.6825740337371826,6.052176468074322e-05,101,256,6.095000000000001,0.53125,2
16.38182258605957,-1.807883381843567e-05,32.765098571777344,0.07098864018917084,13.464034080505371,1.4396151527762413e-05,102,256,4.595000000000001,0.40625,2
16.05427360534668,6.718933582305908e-05,32.109825134277344,0.07066388428211212,12.052935600280762,3.3760443329811096e-06,103,256,4.595000000000001,0.40625,2
15.242470741271973,-0.00246642529964447,30.491161346435547,0.06436567008495331,0.5417318940162659,0.0006502550095319748,104,256,6.095000000000001,0.53125,2
15.183719635009766,2.3856759071350098e-05,30.36842155456543,0.05153781175613403,1.130265474319458,0.0012179145123809576,105,256,6.095000000000001,0.53125,2
15.122542381286621,0.0004975572228431702,30.245006561279297,0.04591432213783264,1.4171732664108276,0.00019515235908329487,106,256,6.095000000000001,0.53125,2
15.277112007141113,-0.0006885379552841187,30.5564022064209,0.040099963545799255,3.4446909427642822,0.00017185253091156483,107,256,5.345000000000001,0.46875,2
15.259522438049316,-0.0006356462836265564,30.521041870117188,0.036252379417419434,4.0464887619018555,0.00010719173587858677,108,256,6.095000000000001,0.53125,2
15.215629577636719,0.00043682754039764404,30.43107032775879,0.03422941640019417,3.509566068649292,2.3370608687400818e-05,109,256,6.095000000000001,0.53125,2
15.018205642700195,-0.00015857070684432983,30.037405014038086,0.03387200087308884,7.056890487670898,2.195127308368683e-06,110,256,6.845000000000001,0.59375,2
15.62073802947998,-5.1392242312431335e-05,31.242263793945312,0.034282099455595016,11.147933006286621,3.423308953642845e-06,111,256,4.595000000000001,0.40625,2
14.820412635803223,-0.0003014225512742996,29.64208984375,0.033102404326200485,4.860382080078125,5.414243787527084e-06,112,256,6.845000000000001,0.59375,2
15.103975296020508,0.00027219951152801514,30.20810890197754,0.035103410482406616,0.9286405444145203,4.359451122581959e-05,113,256,6.470000000000001,0.5625,2
16.41305160522461,-3.318488597869873e-05,32.82686233520508,0.0347336046397686,16.303159713745117,3.3117830753326416e-06,114,256,4.220000000000001,0.375,2
14.683980941772461,-3.625452518463135e-05,29.36873435974121,0.0350370891392231,3.0500283241271973,5.338806658983231e-07,115,256,6.845000000000001,0.59375,2
16.27898406982422,-0.0003735199570655823,32.559425354003906,0.035513367503881454,15.880608558654785,1.405295915901661e-05,116,256,4.220000000000001,0.375,2
15.089498519897461,-8.60709697008133e-05,30.17986297607422,0.03474440425634384,0.9046298861503601,7.112743332982063e-06,117,256,6.095000000000001,0.53125,2
15.259078979492188,-0.00031319260597229004,30.519454956054688,0.03359536826610565,4.132165431976318,5.907844752073288e-06,118,256,5.345000000000001,0.46875,2
15.09419059753418,2.4177134037017822e-06,30.189023971557617,0.03245112672448158,4.659248352050781,5.225185304880142e-06,119,256,4.970000000000001,0.4375,2
14.701754570007324,-0.00017505325376987457,29.404495239257812,0.031774088740348816,10.416973114013672,3.0784867703914642e-06,120,256,3.8450000000000006,0.34375,2
15.571368217468262,-0.00013172253966331482,31.14361572265625,0.0308010745793581,6.724339008331299,1.920154318213463e-06,121,256,6.095000000000001,0.53125,2
15.855792999267578,3.4227967262268066e-05,31.71211814880371,0.03008260577917099,11.837054252624512,2.9336661100387573e-06,122,256,6.845000000000001,0.59375,2
15.257340431213379,-9.945780038833618e-05,30.51546859741211,0.02947726659476757,3.045849561691284,1.2668315321207047e-06,123,256,5.720000000000001,0.5,2
14.623729705810547,-7.708370685577393e-05,29.248188018798828,0.028661206364631653,13.564199447631836,1.9024591892957687e-06,124,256,3.4700000000000006,0.3125,2
15.168810844421387,8.109956979751587e-06,30.338167190551758,0.02811870537698269,1.747437596321106,7.12461769580841e-08,125,256,5.720000000000001,0.5,2
15.142800331115723,-0.0003489907830953598,30.286846160888672,0.027373647317290306,2.9424891471862793,5.423324182629585e-06,126,256,6.095000000000001,0.53125,2
15.117714881896973,0.00013244710862636566,30.235694885253906,0.026475656777620316,3.4451467990875244,1.7278362065553665e-06,127,256,5.345000000000001,0.46875,2
15.005404472351074,-2.8116628527641296e-05,30.011394500732422,0.026488935574889183,5.389564037322998,2.3283064365386963e-08,128,256,4.970000000000001,0.4375,2
14.795151710510254,-3.390386700630188e-05,29.590906143188477,0.026703881099820137,2.7069833278656006,1.6298145055770874e-08,129,256,5.345000000000001,0.46875,2
14.833378791809082,-0.0003709718585014343,29.668046951293945,0.027357185259461403,4.682975769042969,6.231479346752167e-06,130,256,6.095000000000001,0.53125,2
14.176602363586426,-7.180124521255493e-05,28.353925704956055,0.028882885351777077,9.590914726257324,6.39352947473526e-07,131,256,4.220000000000001,0.375,2
14.09369945526123,0.00015103816986083984,28.187686920166016,0.029459362849593163,4.469893932342529,2.06800177693367e-06,132,256,5.345000000000001,0.46875,2
13.447953224182129,0.002467196434736252,26.891613006591797,0.03207191079854965,6.801663875579834,0.00016319705173373222,133,256,4.970000000000001,0.4375,2
12.742578506469727,0.002079479396343231,25.481796264648438,0.039828889071941376,9.110001564025879,0.000141264870762825,134,256,4.595000000000001,0.40625,2
12.573480606079102,0.00845576822757721,25.131078720092773,0.051530495285987854,6.450355529785156,0.0006903646280989051,135,256,5.720000000000001,0.5,2
12.110284805297852,0.007684297859668732,24.206268310546875,0.05336880311369896,8.27055549621582,0.0003868144704028964,136,256,4.595000000000001,0.40625,2
10.614054679870605,0.008137904107570648,21.212873458862305,0.05195782706141472,8.466452598571777,0.0004431734560057521,137,256,5.345000000000001,0.46875,2
11.575572967529297,-0.0005817487835884094,23.153125762939453,0.04082999750971794,23.67662811279297,0.00019231927581131458,138,256,1.5950000000000002,0.15625,2
10.781855583190918,-0.01723889261484146,21.599058151245117,0.043460045009851456,9.241321563720703,0.0026305224746465683,139,256,3.8450000000000006,0.34375,2
10.512410163879395,0.02023361623287201,20.98546028137207,0.055273450911045074,6.613980293273926,0.001911975210532546,140,256,5.345000000000001,0.46875,2
12.19797134399414,-0.0033380016684532166,24.403785705566406,0.058393023908138275,13.822169303894043,4.8795947805047035e-05,141,256,3.4700000000000006,0.3125,2
8.560503959655762,-0.007755056023597717,17.13738441467285,0.04329333454370499,11.243919372558594,0.00027977104764431715,142,256,2.3450000000000006,0.21875,2
6.879470348358154,0.0014220476150512695,13.757073402404785,0.04883049428462982,8.286590576171875,8.69350042194128e-05,143,256,3.4700000000000006,0.3125,2
9.760845184326172,-0.00935998186469078,19.54156494140625,0.05769284814596176,4.448680877685547,0.0003404903691262007,144,256,4.595000000000001,0.40625,2
10.068241119384766,0.003925874829292297,20.12948989868164,0.04298359900712967,6.630376815795898,0.00121846585534513,145,256,4.970000000000001,0.4375,2
8.569621086120605,-0.0017004646360874176,17.14341926574707,0.03879948705434799,10.599715232849121,0.0002573523670434952,146,256,5.720000000000001,0.5,2
6.741113662719727,-0.005055420100688934,13.493120193481445,0.03909674286842346,7.6138916015625,0.0007237985264509916,147,256,4.595000000000001,0.40625,2
9.151670455932617,-0.007203569635748863,18.318634033203125,0.044335220009088516,9.259632110595703,0.00038622133433818817,148,256,5.345000000000001,0.46875,2
7.552490234375,0.004678457975387573,15.096467018127441,0.04216092452406883,7.9253387451171875,0.0001445577945560217,149,256,5.345000000000001,0.46875,2
7.5621724128723145,0.00021967291831970215,15.124683380126953,0.03892463445663452,2.9232661724090576,6.851996295154095e-05,150,256,3.8450000000000006,0.34375,2
5.914755344390869,-0.0056453123688697815,11.841641426086426,0.04200953245162964,7.678842544555664,0.0003349503967911005,151,256,5.720000000000001,0.5,2
5.873441696166992,-0.005972705781459808,11.759710311889648,0.04405354708433151,8.568361282348633,0.0003014765679836273,152,256,6.470000000000001,0.5625,2
6.680243968963623,-0.0014831125736236572,13.364520072937012,0.053323373198509216,5.073638916015625,1.3385666534304619e-05,153,256,4.595000000000001,0.40625,2
11.948915481567383,0.019972510635852814,23.8586483001709,0.038141876459121704,7.298724174499512,0.0030840951949357986,154,256,6.470000000000001,0.5625,2
4.55071496963501,0.004413915798068047,9.093182563781738,0.029046157374978065,7.921690464019775,0.00018082535825669765,155,256,4.970000000000001,0.4375,2
5.069343090057373,-0.005510220304131508,10.150337219238281,0.03150790557265282,6.437000274658203,0.00022392976097762585,156,256,6.095000000000001,0.53125,2
3.5500099658966064,-0.0030931346118450165,7.106926918029785,0.03602658584713936,5.821800231933594,9.385286830365658e-05,157,256,5.720000000000001,0.5,2
8.646533966064453,-0.011612117290496826,17.317195892333984,0.04518246650695801,10.288175582885742,0.000726069905795157,158,256,7.220000000000001,0.625,2
10.763958930969238,0.004217484965920448,21.520286560058594,0.04012705758213997,5.891336441040039,0.0002017946681007743,159,256,6.845000000000001,0.59375,2
6.598618030548096,0.008443998172879219,13.181041717529297,0.03465638682246208,6.354698181152344,0.0003026598133146763,160,256,7.220000000000001,0.625,2
9.45622444152832,0.007456174120306969,18.898284912109375,0.03740665689110756,6.941217422485352,0.0002363042440265417,161,256,6.845000000000001,0.59375,2
5.25831413269043,-0.003033757209777832,10.523447036743164,0.037594493478536606,8.084158897399902,3.979448229074478e-05,162,256,4.970000000000001,0.4375,2
4.030953884124756,-0.008474327623844147,8.079607009887695,0.03751544654369354,4.209929943084717,0.0007022134959697723,163,256,7.595000000000001,0.65625,2
6.921524524688721,-0.013008663430809975,13.87000846862793,0.04710399731993675,5.450938701629639,0.001029078965075314,164,256,7.970000000000001,0.6875,2
10.657501220703125,-0.00771278515458107,21.33158302307129,0.05777502804994583,10.417168617248535,0.00019868905656039715,165,256,7.970000000000001,0.6875,2
8.717988014221191,0.0017611496150493622,17.43344497680664,0.04955293983221054,3.9513823986053467,1.6043661162257195e-05,166,256,8.345,0.71875,2
5.110896110534668,-0.006650727242231369,10.236200332641602,0.05533391609787941,9.679183959960938,0.00019497284665703773,167,256,6.470000000000001,0.5625,2
6.282586574554443,-0.017430663108825684,12.601128578186035,0.0547063909471035,1.7201881408691406,0.0020851478911936283,168,256,8.345,0.71875,2
9.720370292663574,-0.017148569226264954,19.47620964050293,0.058530405163764954,9.231890678405762,0.0014620149740949273,169,256,8.72,0.75,2
10.408526420593262,-0.005515497177839279,20.829267501831055,0.05923962593078613,18.41221046447754,0.00011393602471798658,170,256,9.845,0.84375,2
10.504444122314453,0.06866679340600967,20.872827529907227,0.06361451745033264,4.874507427215576,0.02529105171561241,171,256,9.47,0.8125,2
15.021678924560547,0.001796044409275055,30.040956497192383,0.05954968184232712,23.033462524414062,6.37200428172946e-05,172,256,7.970000000000001,0.6875,2
18.566614151000977,-0.01025981642305851,37.155181884765625,0.07168810069561005,31.554521560668945,0.0008572343504056334,173,256,6.095000000000001,0.53125,2
12.532089233398438,-0.011574812233448029,25.088741302490234,0.07063627243041992,14.678413391113281,0.001057786401361227,174,256,7.595000000000001,0.65625,2
12.880334854125977,-0.010608769953250885,25.783296585083008,0.07048694044351578,8.818347930908203,0.0028397769201546907,175,256,7.970000000000001,0.6875,2
10.81155014038086,-0.0013380907475948334,21.627117156982422,0.06701584905385971,18.880043029785156,0.0005194940604269505,176,256,10.22,0.875,2
13.740805625915527,0.010130375623703003,27.462852478027344,0.07506011426448822,9.084878921508789,0.0004521349910646677,177,256,9.095,0.78125,2
10.369418144226074,0.004842184484004974,20.730722427368164,0.078506238758564,12.82564926147461,0.0001425134250894189,178,256,9.845,0.84375,2
11.93925666809082,0.004137422889471054,23.871841430664062,0.08013574779033661,6.177524566650391,0.00012352271005511284,179,256,9.095,0.78125,2
16.534677505493164,0.018737919628620148,33.03357696533203,0.08479131758213043,11.170382499694824,0.0016845113132148981,180,256,6.470000000000001,0.5625,2
14.098620414733887,0.005072250962257385,28.18877601623535,0.08404611051082611,3.2752790451049805,0.0009073935216292739,181,256,7.595000000000001,0.65625,2
15.16250228881836,-0.0005531981587409973,30.327682495117188,0.07860660552978516,3.51761531829834,0.000876865815371275,182,256,6.845000000000001,0.59375,2
15.8815279006958,0.0023281052708625793,31.759910583496094,0.0755401998758316,7.085287570953369,0.00022858800366520882,183,256,5.720000000000001,0.5,2
14.248212814331055,0.001558057963848114,28.494787216186523,0.07389912754297256,10.729606628417969,5.6511606089770794e-05,184,256,7.970000000000001,0.6875,2
15.161375999450684,-0.003937821835279465,30.33199691772461,0.06842944771051407,1.3179012537002563,0.0008286713855341077,185,256,6.095000000000001,0.53125,2
15.162690162658691,0.0014316979795694351,30.323564529418945,0.05231012776494026,1.357970118522644,0.0019259708933532238,186,256,6.095000000000001,0.53125,2
15.043970108032227,-0.0007552653551101685,30.090404510498047,0.04770010709762573,3.475069761276245,7.663085125386715e-05,187,256,6.470000000000001,0.5625,2
15.013487815856934,-0.00012337416410446167,30.028186798095703,0.048303596675395966,3.2334539890289307,3.085937350988388e-06,188,256,6.470000000000001,0.5625,2
15.099875450134277,-0.0005823113024234772,30.201929092407227,0.05063556134700775,3.8195033073425293,5.677877925336361e-05,189,256,5.720000000000001,0.5,2
14.911048889160156,0.00042089447379112244,29.82232666015625,0.053545329719781876,3.7322781085968018,4.69917431473732e-05,190,256,6.845000000000001,0.59375,2
15.113005638122559,0.00017662346363067627,30.226783752441406,0.05627717450261116,1.6256632804870605,7.331580854952335e-05,191,256,6.470000000000001,0.5625,2
14.445996284484863,-0.0005555599927902222,28.894330978393555,0.061354007571935654,4.313291549682617,0.00012384681031107903,192,256,7.220000000000001,0.625,2
15.232144355773926,0.001061994582414627,30.463642120361328,0.07391506433486938,4.553705215454102,0.0023721768520772457,193,256,6.095000000000001,0.53125,2
15.291826248168945,0.0008629560470581055,30.58342933654785,0.07514490187168121,4.014842987060547,0.00012618012260645628,194,256,6.095000000000001,0.53125,2
15.78533935546875,0.0001309514045715332,31.57183837890625,0.07104182243347168,8.511101722717285,0.00019576051272451878,195,256,5.345000000000001,0.46875,2
15.961023330688477,0.0010957643389701843,31.921077728271484,0.06108968332409859,14.047029495239258,0.001097562606446445,196,256,4.220000000000001,0.375,2
15.111781120300293,0.0011204108595848083,30.22226333618164,0.04714721068739891,1.2034484148025513,0.0029666589107364416,197,256,6.095000000000001,0.53125,2
14.728748321533203,9.0084969997406e-05,29.458234786987305,0.0458802804350853,16.247230529785156,5.006091669201851e-06,198,256,8.345,0.71875,2
15.297032356262207,-0.0004082582890987396,30.59577751159668,0.04484562948346138,2.2315216064453125,2.8070760890841484e-05,199,256,5.720000000000001,0.5,2
15.27599811553955,0.0015510916709899902,30.549720764160156,0.04129931703209877,3.8551273345947266,0.00012806151062250137,200,256,5.345000000000001,0.46875,2
13.92489242553711,-0.00010399520397186279,27.85051727294922,0.0262730922549963,10.133731842041016,9.081947496270004e-07,201,384,7.380000000000001,0.625,4
13.878290176391602,1.4692544937133789e-05,27.757080078125,0.026397675275802612,4.763437747955322,4.117687694815686e-06,202,384,6.630000000000001,0.5625,4
14.091475486755371,6.556510925292969e-07,28.183486938476562,0.026925839483737946,17.399127960205078,1.0880952316938419e-07,203,384,3.255000000000001,0.28125,4
13.766989707946777,-0.00012735028576571494,27.534780502319336,0.027232782915234566,1.68182373046875,2.0641211904148804e-06,204,384,6.255000000000001,0.53125,4
13.799646377563477,-1.8425285816192627e-05,27.599891662597656,0.028122907504439354,1.902376651763916,9.204571682630558e-08,205,384,5.880000000000001,0.5,4
13.36020278930664,-0.00038410225533880293,26.72171974182129,0.02728579193353653,5.04224967956543,5.424953997135162e-06,206,384,7.005000000000001,0.59375,4
13.912935256958008,-3.47892455465626e-05,27.826475143432617,0.026779239997267723,5.229464530944824,2.599942263259436e-06,207,384,5.505000000000001,0.46875,4
13.391412734985352,-0.00023603190493304282,26.7838077545166,0.025587528944015503,2.625845432281494,3.0330072604556335e-06,208,384,6.630000000000001,0.5625,4
13.740439414978027,-0.00014018516230862588,27.481660842895508,0.025109171867370605,6.939631462097168,1.4515593647956848e-05,209,384,5.130000000000001,0.4375,4
13.318658828735352,0.0004562040267046541,26.636877059936523,0.02354513108730316,3.3095250129699707,1.0546141311351676e-05,210,384,5.505000000000001,0.46875,4
13.176816940307617,-5.2551429689629003e-05,26.354169845581055,0.021515270695090294,2.058140993118286,2.754107117652893e-05,211,384,5.505000000000001,0.46875,4
12.138265609741211,-0.0008920927648432553,24.278711318969727,0.019839979708194733,4.222620010375977,5.6908465921878815e-05,212,384,4.380000000000001,0.375,4
13.291016578674316,0.00040283301495946944,26.58160972595215,0.019038241356611252,8.415521621704102,4.7995708882808685e-06,213,384,5.880000000000001,0.5,4
12.112861633300781,-9.792546188691631e-05,24.22637176513672,0.022641202434897423,3.6927080154418945,0.00021120144810993224,214,384,4.755000000000001,0.40625,4
11.855962753295898,0.0005748867988586426,23.71125030517578,0.023788638412952423,5.66774845123291,6.511807441711426e-06,215,384,5.505000000000001,0.46875,4
11.690227508544922,0.00160144770052284,23.377763748168945,0.0255843847990036,10.86830997467041,5.686639997293241e-05,216,384,6.630000000000001,0.5625,4
10.629698753356934,0.0011554360389709473,21.257640838623047,0.02779623679816723,8.887935638427734,3.679096698760986e-05,217,384,6.255000000000001,0.53125,4
8.169755935668945,-0.0007509887218475342,16.34166145324707,0.032389912754297256,7.978886604309082,8.035745850065723e-05,218,384,5.505000000000001,0.46875,4
11.015891075134277,0.008407126180827618,22.015602111816406,0.03171619772911072,11.944692611694336,0.001459901686757803,219,384,6.255000000000001,0.53125,4
8.898470878601074,-0.0039986371994018555,17.805673599243164,0.036721121519804,15.36199951171875,0.002321417210623622,220,384,8.13,0.6875,4
12.527752876281738,0.012319187633693218,25.03154945373535,0.03409895300865173,11.292336463928223,0.0033317392226308584,221,384,6.630000000000001,0.5625,4
10.62308406829834,0.003830432891845703,21.239145278930664,0.031976502388715744,7.21184778213501,0.00031669376767240465,222,384,7.380000000000001,0.625,4
8.411463737487793,-0.004602392669767141,16.832914352416992,0.039114899933338165,6.694338798522949,0.0024624180514365435,223,384,5.880000000000001,0.5,4
13.746278762817383,0.00214945781044662,27.489137649536133,0.04398992285132408,11.894105911254883,5.877374860574491e-05,224,384,7.005000000000001,0.59375,4
9.610488891601562,0.003521223785355687,19.214767456054688,0.04161829128861427,4.501716136932373,0.0002267228701384738,225,384,5.130000000000001,0.4375,4
10.809088706970215,-0.0007123202085494995,21.620384216308594,0.039106257259845734,7.710620403289795,4.525063559412956e-05,226,384,5.130000000000001,0.4375,4
8.027169227600098,-0.0029381487984210253,16.060976028442383,0.03800950571894646,3.684948205947876,8.752910798648372e-05,227,384,5.505000000000001,0.46875,4
14.22667121887207,-0.0031929537653923035,28.460474014282227,0.03732586279511452,11.146238327026367,0.0001646717282710597,228,384,7.380000000000001,0.625,4
6.790863513946533,0.00333462399430573,13.575721740722656,0.03319542855024338,11.355852127075195,7.746958726784214e-05,229,384,8.13,0.6875,4
12.284722328186035,0.00715579092502594,24.555757522583008,0.0311544518917799,4.379049777984619,0.0007398338057100773,230,384,6.255000000000001,0.53125,4
8.346230506896973,-0.005989322904497385,16.705110549926758,0.03352568298578262,7.4011430740356445,0.0003000892174895853,231,384,5.130000000000001,0.4375,4
7.293848514556885,-0.007398054003715515,14.603206634521484,0.035649072378873825,8.018946647644043,0.0006468750652857125,232,384,7.380000000000001,0.625,4
10.238170623779297,-0.008645440451800823,20.49441146850586,0.0389835461974144,10.405230522155762,0.0006144904182292521,233,384,8.505,0.71875,4
9.96327018737793,-0.01246042549610138,19.952342987060547,0.04407598450779915,10.64571762084961,0.0008935909136198461,234,384,8.505,0.71875,4
9.80146312713623,-0.010930960066616535,19.62571907043457,0.046501025557518005,4.898194313049316,0.0006052819662727416,235,384,7.755000000000001,0.65625,4
10.930663108825684,-0.003239154815673828,21.868703842163086,0.04494284465909004,1.772446632385254,0.0003036974521819502,236,384,7.755000000000001,0.65625,4
8.174480438232422,-0.00781896710395813,16.365478515625,0.043936148285865784,9.265474319458008,0.00030507319024764,237,384,9.63,0.8125,4
13.905009269714355,0.012072023935616016,27.78680419921875,0.04647292196750641,8.110000610351562,0.001327289268374443,238,384,8.505,0.71875,4
13.03976821899414,0.00684376573190093,26.066856384277344,0.05032217875123024,8.532681465148926,0.00043502962216734886,239,384,7.755000000000001,0.65625,4
12.955440521240234,-0.002698751864954829,25.917261123657227,0.04915381968021393,10.699594497680664,0.00014514739450532943,240,384,7.380000000000001,0.625,4
10.849738121032715,-0.013969749212265015,21.7283878326416,0.048662807792425156,6.494450569152832,0.0038013809826225042,241,384,7.380000000000001,0.625,4
10.184967041015625,8.579095447203144e-05,20.370698928833008,0.04679446294903755,8.806485176086426,0.00029991636984050274,242,384,9.63,0.8125,4
10.224720001220703,0.0032047033309936523,20.44400405883789,0.048642393201589584,4.3663835525512695,0.0002577361592557281,243,384,9.255,0.78125,4
13.65229320526123,0.011084310710430145,27.283376693725586,0.048010993748903275,5.084862232208252,0.002014544792473316,244,384,7.755000000000001,0.65625,4
15.510615348815918,0.010323017835617065,31.001527786254883,0.04708448424935341,10.042168617248535,0.0011393295135349035,245,384,7.005000000000001,0.59375,4
17.03232765197754,0.0014569585910066962,34.0626335144043,0.044676218181848526,14.364788055419922,1.5984909623512067e-05,246,384,5.880000000000001,0.5,4
17.58460235595703,-0.0013083070516586304,35.17277526855469,0.04765857383608818,14.162941932678223,3.634626045823097e-05,247,384,5.880000000000001,0.5,4
19.145000457763672,-0.00254078209400177,38.29610061645508,0.05089142546057701,21.24915313720703,0.0001326117926510051,248,384,4.380000000000001,0.375,4
14.398578643798828,-0.001324223936535418,28.800798416137695,0.04956096410751343,3.373887300491333,9.21785831451416e-05,249,384,7.380000000000001,0.625,4
13.37415599822998,0.00023578603577334434,26.748838424682617,0.049902647733688354,3.3693666458129883,1.9916022210964002e-05,250,384,7.755000000000001,0.65625,4
16.151119232177734,-0.0010804807534441352,32.305484771728516,0.0543733574450016,12.290510177612305,4.6585530071752146e-05,251,384,5.505000000000001,0.46875,4
13.11297607421875,0.0009159768815152347,26.225183486938477,0.05314179137349129,3.123307466506958,0.00010905996896326542,252,384,7.755000000000001,0.65625,4
12.893085479736328,0.0022289950866252184,25.78279685974121,0.05418766662478447,2.370521306991577,5.484938810695894e-05,253,384,7.755000000000001,0.65625,4
15.705503463745117,0.00266382098197937,31.406789779663086,0.05553914234042168,12.121950149536133,3.996693340013735e-05,254,384,5.505000000000001,0.46875,4
14.684638023376465,0.001395831466652453,29.367576599121094,0.054631829261779785,6.914065361022949,3.228864443372004e-05,255,384,6.255000000000001,0.53125,4
14.545466423034668,0.001872571767307818,29.088272094726562,0.05429135262966156,6.759197235107422,0.00011594989337027073,256,384,5.880000000000001,0.5,4
15.620813369750977,0.0014625167241320014,31.239776611328125,0.05381769314408302,15.296236038208008,3.914822082151659e-05,257,384,4.005000000000001,0.34375,4
14.053309440612793,0.0013966461410745978,28.104909896850586,0.054178494960069656,1.7602406740188599,2.1403422579169273e-05,258,384,6.255000000000001,0.53125,4
14.357354164123535,0.00029437243938446045,28.715232849121094,0.05565948411822319,4.076549053192139,9.029777720570564e-05,259,384,5.505000000000001,0.46875,4
14.19698715209961,-0.0017990842461585999,28.398717880249023,0.05732463672757149,2.1580848693847656,0.00045137573033571243,260,384,5.880000000000001,0.5,4
14.1163969039917,0.003788597881793976,28.226364135742188,0.05743245407938957,6.612670421600342,0.0007773254183121026,261,384,7.005000000000001,0.59375,4
13.897148132324219,-0.0007492750883102417,27.79691505432129,0.056012094020843506,4.94089937210083,0.00028911823756061494,262,384,5.130000000000001,0.4375,4
13.769844055175781,0.0003606031241361052,27.540061950683594,0.05473419651389122,4.382243633270264,7.891864515841007e-05,263,384,6.630000000000001,0.5625,4
13.758011817932129,0.0003186240792274475,27.516477584838867,0.054529864341020584,1.9233837127685547,1.3549191635320312e-06,264,384,6.255000000000001,0.53125,4
13.652488708496094,0.0006102919578552246,27.30485725402832,0.05499826371669769,2.526078939437866,1.4712025404151063e-05,265,384,5.880000000000001,0.5,4
14.3660888671875,-0.00024229039263445884,28.733774185180664,0.05556488037109375,15.45766830444336,1.4878188267175574e-05,266,384,3.6300000000000003,0.3125,4
13.853269577026367,-0.0008808771963231266,27.70941162109375,0.05553704500198364,2.6938905715942383,1.3781323104922194e-05,267,384,5.505000000000001,0.46875,4
13.823636054992676,0.0003845641913358122,27.647605895996094,0.05512462928891182,5.040902614593506,2.6251887902617455e-05,268,384,6.630000000000001,0.5625,4
13.473689079284668,-8.572638034820557e-05,26.948644638061523,0.05478130653500557,3.0608248710632324,1.0884832590818405e-06,269,384,6.255000000000001,0.53125,4
13.969440460205078,-0.00011268506204942241,27.940210342407227,0.055197183042764664,8.778157234191895,4.373257979750633e-06,270,384,4.380000000000001,0.375,4
13.726327896118164,-0.0005533049697987735,27.454870223999023,0.0554521419107914,12.009720802307129,1.4991266652941704e-05,271,384,3.630000000000001,0.3125,4
13.67844295501709,-0.0022706836462020874,27.362565994262695,0.05689780414104462,2.253368616104126,0.0002974045055452734,272,384,5.130000000000001,0.4375,4
14.166081428527832,0.00033980607986450195,28.332626342773438,0.05712040886282921,5.049347877502441,0.0007795232231728733,273,384,6.255000000000001,0.53125,4
14.890094757080078,-0.0012528300285339355,29.783838272094727,0.05712706968188286,15.525331497192383,0.00019035123114008456,274,384,8.13,0.6875,4
14.17979907989502,-6.807843601563945e-05,28.360841751098633,0.05538695678114891,1.7416599988937378,6.190524436533451e-05,275,384,5.880000000000001,0.5,4
14.347495079040527,-0.0009230052237398922,28.697935104370117,0.05494140461087227,13.272809982299805,5.3915584430797026e-05,276,384,8.13,0.6875,4
14.449853897094727,0.0008289366960525513,28.89915657043457,0.05528146028518677,11.725093841552734,3.3785512641770765e-05,277,384,4.005000000000001,0.34375,4
13.938836097717285,0.0004458079638425261,27.877883911132812,0.05514240637421608,1.0493539571762085,1.237130072695436e-05,278,384,6.255000000000001,0.53125,4
13.768376350402832,-0.0006039440631866455,27.539039611816406,0.0539451502263546,2.3103151321411133,3.8037000194890425e-05,279,384,6.630000000000001,0.5625,4
14.683882713317871,0.0004660487174987793,29.367895126342773,0.0531277172267437,7.672459602355957,4.8203783080680296e-05,280,384,5.130000000000001,0.4375,4
14.411459922790527,0.0002929270267486572,28.82337760925293,0.05212059244513512,5.018515110015869,1.6800127923488617e-05,281,384,5.505000000000001,0.46875,4
14.270984649658203,-0.00042570134974084795,28.543869018554688,0.052475716918706894,6.081875324249268,3.435051257838495e-05,282,384,5.130000000000001,0.4375,4
13.896757125854492,-0.007427036762237549,27.809499740600586,0.056561123579740524,1.0000503063201904,0.001441890373826027,283,384,5.880000000000001,0.5,4
13.72923469543457,-0.0028678278904408216,27.46533966064453,0.05678660050034523,3.650972843170166,0.0020047195721417665,284,384,5.130000000000001,0.4375,4
13.962035179138184,0.001372928381897509,27.922414779663086,0.05455221235752106,1.8726264238357544,0.00025781290605664253,285,384,5.880000000000001,0.5,4
14.020493507385254,2.8779109925380908e-05,28.042022705078125,0.05464707314968109,5.621429443359375,8.353575140063185e-06,286,384,6.630000000000001,0.5625,4
13.757165908813477,-0.00018779437232296914,27.515785217285156,0.053925443440675735,3.0020861625671387,1.0126891538675409e-05,287,384,5.130000000000001,0.4375,4
13.75302791595459,4.76414970762562e-05,27.507028579711914,0.053406596183776855,1.9523646831512451,1.4789790839131456e-05,288,384,5.880000000000001,0.5,4
13.988813400268555,-4.248817640473135e-05,27.9787654876709,0.052640434354543686,5.2873663902282715,1.5915449694148265e-05,289,384,6.630000000000001,0.5625,4
13.477411270141602,-0.00010915597522398457,26.956098556518555,0.052925437688827515,9.750645637512207,2.023298293352127e-07,290,384,4.005000000000001,0.34375,4
13.532279968261719,-3.349781036376953e-05,27.06568717956543,0.05305589735507965,1.4982162714004517,3.755247917069937e-06,291,384,5.880000000000001,0.5,4
13.695950508117676,-4.900495332549326e-05,27.3930606842041,0.05314858630299568,8.990406036376953,2.496720696854027e-07,292,384,7.380000000000001,0.625,4
13.814764976501465,-0.0003880113363265991,27.63138771057129,0.05407557263970375,3.8398520946502686,2.6998421162716113e-05,293,384,5.130000000000001,0.4375,4
13.292552947998047,-0.008938473649322987,26.604127883911133,0.057186711579561234,1.5776327848434448,0.0011689100647345185,294,384,5.505000000000001,0.46875,4
13.8126859664917,-0.001361563801765442,27.62920570373535,0.05547003448009491,1.682833194732666,0.0025711178313940763,295,384,5.130000000000001,0.4375,4
13.92103099822998,-0.0030848931055516005,27.84925079345703,0.050911109894514084,6.329269886016846,0.001357615808956325,296,384,6.255000000000001,0.53125,4
14.797386169433594,0.00021078686404507607,29.595380783081055,0.05146525427699089,9.513057708740234,0.0002701324410736561,297,384,7.005000000000001,0.59375,4
14.185208320617676,-0.0010106762638315558,28.373502731323242,0.05321240425109863,2.0938994884490967,0.00012237105693202466,298,384,5.880000000000001,0.5,4
14.171019554138184,0.00032967826700769365,28.34246826171875,0.05449564382433891,9.663049697875977,2.5278501198044978e-05,299,384,4.005000000000001,0.34375,4
13.859963417053223,-0.000277509301668033,27.721586227416992,0.05524804815649986,5.274266719818115,3.071781247854233e-05,300,384,4.755000000000001,0.40625,4
14.215860366821289,-0.00105251872446388,28.4349365234375,0.05551547184586525,7.754127502441406,9.01173334568739e-05,301,384,7.005000000000001,0.59375,4
13.976819038391113,0.00027821213006973267,27.954214096069336,0.0566067211329937,2.4096596240997314,9.320986578131851e-07,302,384,5.130000000000001,0.4375,4
13.675381660461426,9.395182132720947e-06,27.35186195373535,0.05590389296412468,1.8287850618362427,1.5546256690868177e-05,303,384,5.130000000000001,0.4375,4
13.516592979431152,-0.00017309188842773438,27.034643173217773,0.05555710196495056,2.5602173805236816,1.4579777598555665e-05,304,384,4.755000000000001,0.40625,4
14.948092460632324,-6.368756294250488e-05,29.89743995666504,0.056404393166303635,10.716439247131348,2.334127202630043e-06,305,384,7.005000000000001,0.59375,4
15.590801239013672,3.4302473068237305e-05,31.182655334472656,0.056079328060150146,16.868162155151367,5.634501576423645e-07,306,384,8.13,0.6875,4
14.481492042541504,-0.0002365956752328202,28.964567184448242,0.055529650300741196,7.60706901550293,1.5605162843712606e-05,307,384,6.630000000000001,0.5625,4
14.083839416503906,0.00020020703959744424,28.168371200561523,0.054690346121788025,6.530140399932861,6.533553823828697e-05,308,384,6.630000000000001,0.5625,4
14.105351448059082,-0.0002982964215334505,28.212377548217773,0.05391222611069679,3.0043399333953857,2.0751342162839137e-05,309,384,6.255000000000001,0.53125,4
13.908543586730957,-0.00026745101786218584,27.818727493286133,0.05535923317074776,10.441445350646973,2.6827367037185468e-05,310,384,4.005000000000001,0.34375,4
13.91981029510498,-0.001520564197562635,27.843795776367188,0.05675168335437775,0.8342270851135254,0.000355567317456007,311,384,5.880000000000001,0.5,4
13.81363582611084,0.0016382659086957574,27.625146865844727,0.057592567056417465,6.21511697769165,0.0006533238920383155,312,384,7.005000000000001,0.59375,4
13.837348937988281,-0.0010371357202529907,27.677907943725586,0.056760501116514206,7.03418493270874,0.00035395906888879836,313,384,4.755000000000001,0.40625,4
13.862799644470215,-0.003155062673613429,27.732995986938477,0.05439050868153572,2.5579237937927246,0.0004793598782271147,314,384,5.505000000000001,0.46875,4
13.674622535705566,-0.0001331244857283309,27.350515365600586,0.05016152560710907,10.076105117797852,0.00041425973176956177,315,384,4.005000000000001,0.34375,4
13.712610244750977,0.0009089857339859009,27.424346923828125,0.04718971624970436,1.155840516090393,0.00017900222155731171,316,384,5.505000000000001,0.46875,4
13.852590560913086,-0.0013719400158151984,27.70884132385254,0.04578869044780731,0.579148530960083,0.00014824543904978782,317,384,5.505000000000001,0.46875,4
13.90990924835205,-0.00042744973325170577,27.82147979736328,0.040293220430612564,4.498040676116943,0.0003897260467056185,318,384,6.255000000000001,0.53125,4
13.926506042480469,-0.00023684899497311562,27.85422706604004,0.03707243874669075,8.0767183303833,0.00012085912749171257,319,384,7.005000000000001,0.59375,4
13.41804313659668,-0.00037769475602544844,26.83754539489746,0.035223402082920074,1.6419742107391357,8.298549801111221e-06,320,384,5.505000000000001,0.46875,4
13.436421394348145,-0.0013652468333020806,26.87629508972168,0.03604447469115257,1.50343918800354,8.577449625590816e-05,321,384,5.880000000000001,0.5,4
13.383231163024902,7.509440183639526e-05,26.76702880859375,0.03582887351512909,4.236282825469971,6.536440923810005e-05,322,384,6.630000000000001,0.5625,4
12.88460922241211,-0.0008594244718551636,25.771631240844727,0.03469019755721092,11.16080379486084,2.4397080778726377e-05,323,384,8.13,0.6875,4
13.107410430908203,-0.0010361572494730353,26.217554092407227,0.033082034438848495,3.5284979343414307,8.196119597414508e-05,324,384,7.005000000000001,0.59375,4
12.525572776794434,-0.0017176916589960456,25.05516242980957,0.029098615050315857,4.191792964935303,9.099176531890407e-05,325,384,7.380000000000001,0.625,4
12.757028579711914,-0.00032304227352142334,25.515228271484375,0.026207424700260162,3.2226955890655518,1.1564698070287704e-05,326,384,6.630000000000001,0.5625,4
11.623146057128906,-5.751848220825195e-05,23.24687385559082,0.0233753714710474,5.657577991485596,7.374522738246014e-06,327,384,7.755000000000001,0.65625,4
12.09802532196045,-0.0007398625020869076,24.197967529296875,0.02183569222688675,3.5551304817199707,8.91396775841713e-05,328,384,7.005000000000001,0.59375,4
12.240189552307129,-0.0012662336230278015,24.483308792114258,0.019868066534399986,10.931450843811035,0.00014169840142130852,329,384,4.755000000000001,0.40625,4
11.592432975769043,0.0004672110080718994,23.1843204498291,0.019420200958848,10.130956649780273,1.230090856552124e-05,330,384,4.380000000000001,0.375,4
10.916150093078613,-0.0011122127762064338,21.834793090820312,0.01346446294337511,10.727984428405762,6.374096119543537e-05,331,384,7.755000000000001,0.65625,4
9.984874725341797,-0.0003198733029421419,19.970685958862305,0.014867924153804779,6.38720178604126,8.742014756535355e-07,332,384,6.255000000000001,0.53125,4
9.58082389831543,-0.0036006569862365723,19.169267654418945,0.02093186415731907,7.531219959259033,0.0002996643597725779,333,384,6.255000000000001,0.53125,4
9.12794017791748,-0.003491431474685669,18.263269424438477,0.020314069464802742,12.88807487487793,0.00014350686979014426,334,384,7.755000000000001,0.65625,4
8.083128929138184,0.003113592742010951,16.16041374206543,0.019157398492097855,10.631509780883789,0.00013579102233052254,335,384,7.755000000000001,0.65625,4
6.592587947845459,-0.005389899015426636,13.196365356445312,0.020526111125946045,9.636774063110352,0.0006285406998358667,336,384,7.755000000000001,0.65625,4
7.487422943115234,-0.010719522833824158,14.996846199035645,0.02809000574052334,9.938617706298828,0.0013787111965939403,337,384,8.13,0.6875,4
8.42854118347168,-0.0024973053950816393,16.862638473510742,0.02806815505027771,12.73801326751709,3.64473853551317e-05,338,384,9.255,0.78125,4
8.540579795837402,0.0029926348943263292,17.075841903686523,0.03341035172343254,7.071239471435547,5.428951044450514e-05,339,384,8.13,0.6875,4
7.2612409591674805,0.0032262206077575684,14.516613960266113,0.029253428801894188,8.803741455078125,6.67935237288475e-05,340,384,9.255,0.78125,4
7.307443618774414,-0.011918400414288044,14.63938045501709,0.03281913325190544,4.319188117980957,0.0012229462154209614,341,384,7.755000000000001,0.65625,4
6.489597797393799,-0.011257161386311054,13.002254486083984,0.02720843069255352,4.894429683685303,0.0013069844571873546,342,384,8.505,0.71875,4
12.97224235534668,-0.00197649491019547,25.94902992248535,0.0295203048735857,18.71539878845215,0.00016852119006216526,343,384,10.38,0.875,4
8.52607536315918,-0.0019089007982984185,17.05650520324707,0.026845434680581093,21.032073974609375,2.4250708520412445e-05,344,384,11.505,0.96875,4
5.1795830726623535,0.0025002460461109877,10.354670524597168,0.02522771619260311,14.889513969421387,4.579654705594294e-05,345,384,11.505,0.96875,4
7.398417949676514,0.04553680494427681,14.706559181213379,0.0398523211479187,3.3037116527557373,0.007448169868439436,346,384,9.63,0.8125,4
8.094780921936035,-0.012049208395183086,16.214258193969727,0.029870182275772095,9.203872680664062,0.007885582745075226,347,384,8.505,0.71875,4
4.086463928222656,-0.003338257549330592,8.18015193939209,0.027373522520065308,16.773771286010742,0.00010236337402602658,348,384,11.88,1.0,4
9.415624618530273,0.017068063840270042,18.797792434692383,0.03395373746752739,3.2996842861175537,0.0027597397565841675,349,384,9.63,0.8125,4
14.35402774810791,0.011476695537567139,28.68581199645996,0.03543704375624657,8.44465446472168,0.0009321072138845921,350,384,8.505,0.71875,4
15.668210983276367,-0.0009352813358418643,31.33915901184082,0.04328591749072075,13.151864051818848,1.2166875421826262e-05,351,384,8.13,0.6875,4
15.341656684875488,5.160768978385022e-06,30.684141159057617,0.041819650679826736,12.277843475341797,0.0003822000289801508,352,384,7.755000000000001,0.65625,4
15.254171371459961,-0.002658173441886902,30.514528274536133,0.04344142600893974,12.21335506439209,0.00035786000080406666,353,384,7.755000000000001,0.65625,4
7.470480442047119,0.0011795759201049805,14.939480781555176,0.043962422758340836,8.299578666687012,0.00023671628150623292,354,384,10.38,0.875,4
19.19525718688965,0.011087109334766865,38.36933898925781,0.04994415119290352,22.89234733581543,0.0008717761375010014,355,384,5.880000000000001,0.5,4
11.616243362426758,0.005221982952207327,23.22309112548828,0.052480485290288925,4.840688228607178,0.00019007991068065166,356,384,8.505,0.71875,4
15.747272491455078,-0.00024916729307733476,31.496084213256836,0.052085813134908676,17.687036514282227,3.3045729651348665e-05,357,384,6.255000000000001,0.53125,4
12.552591323852539,-0.004478295799344778,25.115175247192383,0.05173889175057411,4.690820693969727,0.00012671660806518048,358,384,7.755000000000001,0.65625,4
10.188653945922852,-0.0015031099319458008,20.381305694580078,0.049546923488378525,3.064530611038208,5.534454248845577e-05,359,384,8.88,0.75,4
9.83399772644043,-0.0023966990411281586,19.67376708984375,0.04895777627825737,5.81039571762085,0.00015463284216821194,360,384,9.255,0.78125,4
11.383001327514648,-0.0070024034939706326,22.78086280822754,0.04272416606545448,0.8865194320678711,0.004046803340315819,361,384,8.13,0.6875,4
14.253368377685547,0.0011449456214904785,28.505264282226562,0.040876492857933044,4.629317283630371,0.0002969185879919678,362,384,7.755000000000001,0.65625,4
9.95374870300293,0.003724863054230809,19.90092658996582,0.04401128366589546,8.106156349182129,0.00017455732449889183,363,384,9.63,0.8125,4
12.754681587219238,0.002425670623779297,25.50536346435547,0.04262268543243408,3.344437837600708,5.015932765672915e-05,364,384,8.505,0.71875,4
13.997298240661621,-0.0011686930665746331,27.997766494750977,0.04166470840573311,5.138954162597656,0.00019259192049503326,365,384,7.755000000000001,0.65625,4
11.421370506286621,-0.004113105591386557,22.85188865661621,0.04603518918156624,2.9604604244232178,0.0004735974071081728,366,384,8.88,0.75,4
9.853391647338867,0.004953464027494192,19.697797775268555,0.04610341414809227,4.089361190795898,0.00031241527176462114,367,384,9.255,0.78125,4
9.007442474365234,-0.002256527543067932,18.020357131958008,0.0479576401412487,3.326226234436035,9.279302321374416e-05,368,384,9.63,0.8125,4
8.676315307617188,-0.00011229018127778545,17.353803634643555,0.0473506897687912,2.7224698066711426,0.00016961579967755824,369,384,9.63,0.8125,4
9.617804527282715,-0.0037486653309315443,19.243959426879883,0.042601022869348526,1.92178475856781,0.0007200536201708019,370,384,9.255,0.78125,4
12.24643611907959,0.0007521510124206543,24.49222755432129,0.04304428771138191,7.589616775512695,0.0003825664462056011,371,384,8.13,0.6875,4
9.857799530029297,-0.0034609325230121613,19.723421096801758,0.04502587020397186,1.9629502296447754,0.00015343276027124375,372,384,8.88,0.75,4
8.69662094116211,0.00020199020218569785,17.39375877380371,0.046108752489089966,3.8772735595703125,0.00040992689901031554,373,384,9.63,0.8125,4
5.547959804534912,-0.004598359111696482,11.10602855682373,0.04563593491911888,10.380617141723633,0.00016972841694951057,374,384,10.755,0.90625,4
8.201847076416016,-0.0025330185890197754,16.409671783447266,0.04554489254951477,2.1597256660461426,0.00046208640560507774,375,384,9.63,0.8125,4
14.022459983825684,0.0003668392600957304,28.045053482055664,0.04336310923099518,9.685140609741211,0.0001122811809182167,376,384,7.755000000000001,0.65625,4
10.674906730651855,-0.0006429056520573795,21.351959228515625,0.043013568967580795,2.1740753650665283,2.972160700664972e-06,377,384,8.88,0.75,4
9.7138090133667,-0.002771121682599187,19.434022903442383,0.04312073066830635,0.7636061310768127,0.0011306810192763805,378,384,9.255,0.78125,4
13.698890686035156,-0.002727041719481349,27.404088973999023,0.04261738061904907,8.214797973632812,0.0008219755836762488,379,384,7.755000000000001,0.65625,4
9.429828643798828,-0.00027632093406282365,18.861103057861328,0.04464432969689369,2.512641429901123,4.6061663852015045e-06,380,384,9.255,0.78125,4
8.37739372253418,-0.002649277448654175,16.760908126831055,0.04113071784377098,3.7729361057281494,0.0002178402355639264,381,384,9.63,0.8125,4
6.451186656951904,-0.0034355323296040297,12.910065650939941,0.041065994650125504,7.513121604919434,0.00026612248620949686,382,384,10.38,0.875,4
9.614999771118164,-0.0008068382740020752,19.232425689697266,0.04067220166325569,0.7657214999198914,5.900549240323016e-06,383,384,9.255,0.78125,4
6.406620025634766,0.001329869031906128,12.81139850616455,0.04092099890112877,6.075114727020264,7.885616651037708e-05,384,384,10.38,0.875,4
3.9170002937316895,-0.0013126531848683953,7.837421894073486,0.03978746756911278,9.005552291870117,1.2607934877451044e-05,385,384,11.13,0.9375,4
10.022449493408203,-0.0013232777127996087,20.048355102539062,0.0404261089861393,3.659256935119629,3.768426176975481e-05,386,384,9.255,0.78125,4
4.798481464385986,0.0005985299940221012,9.596556663513184,0.0395086444914341,5.297234535217285,3.385512854947592e-06,387,384,10.755,0.90625,4
9.819039344787598,-0.00022843231272418052,19.639326095581055,0.03944775462150574,4.6827778816223145,2.8689391911029816e-06,388,384,9.255,0.78125,4
9.580138206481934,0.0001554277987452224,19.160737991333008,0.03860819712281227,4.237239360809326,3.0100190997472964e-05,389,384,9.255,0.78125,4
9.420845031738281,0.0006309946184046566,18.84116554260254,0.03692052140831947,3.6084017753601074,2.0104305804125033e-05,390,384,9.255,0.78125,4
10.515482902526855,0.0008392992313019931,21.030038833618164,0.037544090300798416,4.585786819458008,2.7049953132518567e-05,391,384,8.88,0.75,4
7.255400657653809,-0.0013053814182057977,14.514213562011719,0.04004185274243355,3.673617124557495,3.2791558624012396e-05,392,384,10.005,0.84375,4
6.441501140594482,-0.0009083847398869693,12.88559627532959,0.038844939321279526,5.7547287940979,0.00014096575614530593,393,384,10.38,0.875,4
9.318846702575684,-0.003173520090058446,18.644786834716797,0.03726837784051895,1.322168231010437,0.0009818723192438483,394,384,9.255,0.78125,4
9.8051118850708,-0.002107907086610794,19.615190505981445,0.03756391257047653,1.9460792541503906,3.393801671336405e-05,395,384,9.255,0.78125,4
7.293619632720947,0.0015101557364687324,14.58493709564209,0.03591301664710045,4.137990951538086,7.052533328533173e-05,396,384,10.005,0.84375,4
7.554493427276611,-0.0007343441247940063,15.111161231994629,0.0352662019431591,3.490935802459717,1.7158841728814878e-05,397,384,10.005,0.84375,4
6.349429130554199,8.101761341094971e-05,12.699402809143066,0.035325922071933746,4.874477386474609,1.9721066564670764e-05,398,384,10.38,0.875,4
10.938246726989746,-0.0002046028821496293,21.87760353088379,0.035022035241127014,5.1322712898254395,1.5483548850170337e-05,399,384,8.88,0.75,4
4.121708869934082,8.319814696733374e-06,8.244095802307129,0.03470923379063606,8.872576713562012,1.7738590031513013e-05,400,384,11.13,0.9375,4
5.4930620193481445,-0.0004850953700952232,10.987536430358887,0.02211964875459671,2.9942333698272705,6.1864966482971795e-06,401,640,10.7,0.875,8
6.8897809982299805,-4.657507088268176e-05,13.780072212219238,0.020853467285633087,2.297623634338379,4.9205216782866046e-05,402,640,9.95,0.8125,8
3.2864108085632324,-5.435645653051324e-05,6.573341369628906,0.020547132939100266,6.744606971740723,7.487674884032458e-05,403,640,11.45,0.9375,8
4.982388496398926,0.0011004656553268433,9.962993621826172,0.020901313051581383,1.268924593925476,7.592067413497716e-05,404,640,10.7,0.875,8
5.205845832824707,-0.00046051741810515523,10.413032531738281,0.020963560789823532,0.9619190692901611,7.989350706338882e-06,405,640,10.7,0.875,8
6.226138114929199,-0.0002575218677520752,12.453195571899414,0.02023453637957573,2.707958459854126,0.0003807918110396713,406,640,10.325,0.84375,8
2.786161184310913,0.0009127080556936562,5.57089376449585,0.019829098135232925,3.633981704711914,9.45432111620903e-06,407,640,11.45,0.9375,8
5.05861759185791,-0.001977908657863736,10.121598243713379,0.020381461828947067,0.9820591807365417,9.068586223293096e-05,408,640,10.7,0.875,8
5.104842185974121,-0.00030657052411697805,10.210678100585938,0.01902243122458458,1.2759041786193848,0.000226406758883968,409,640,10.7,0.875,8
0.5195576548576355,0.0006330713513307273,1.0382241010665894,0.01874769665300846,6.884103298187256,1.3012159797654022e-05,410,640,12.2,1.0,8
6.3960280418396,0.0006980657344684005,12.79104232788086,0.01910088025033474,3.8704943656921387,4.461836215341464e-05,411,640,10.325,0.84375,8
1.6382973194122314,0.0006804972654208541,3.2756221294403076,0.019417136907577515,5.108490943908691,4.459172487258911e-06,412,640,11.825,0.96875,8
5.90419864654541,-0.002434456255286932,11.813653945922852,0.019430318847298622,3.964677572250366,5.2423962188186124e-05,413,640,10.325,0.84375,8
6.258420467376709,0.0017283440101891756,12.513775825500488,0.01958046294748783,2.4556899070739746,0.0002867650182452053,414,640,10.325,0.84375,8
6.04506254196167,0.0003634631575550884,12.089810371398926,0.02058526873588562,0.5754644274711609,0.00048736855387687683,415,640,10.325,0.84375,8
4.134001731872559,0.0007125496631488204,8.266960144042969,0.01906144805252552,4.649232864379883,6.704851693939418e-05,416,640,11.075,0.90625,8
3.137079954147339,0.0009053528192453086,6.272718906402588,0.01848047412931919,5.891664981842041,0.00015863236330915242,417,640,11.45,0.9375,8
7.195907115936279,0.000476837158203125,14.391230583190918,0.018493305891752243,3.181945562362671,6.094705167924985e-05,418,640,9.95,0.8125,8
3.0645506381988525,-0.00034163595410063863,6.130156517028809,0.01860743761062622,5.393588066101074,9.063631409844675e-07,419,640,11.45,0.9375,8
1.9870952367782593,-0.00044129788875579834,3.9754230976104736,0.0175023190677166,6.676367282867432,1.6864389635884436e-06,420,640,11.825,0.96875,8
7.08325719833374,-0.0014043509727343917,14.169672012329102,0.017475293949246407,4.835984230041504,2.165231853723526e-05,421,640,9.95,0.8125,8
4.000223159790039,-0.0009434997919015586,8.002673149108887,0.016989445313811302,1.612625002861023,4.67812642455101e-05,422,640,11.075,0.90625,8
7.621750354766846,0.0012442946899682283,15.241361618041992,0.01743435114622116,5.686153411865234,4.303222522139549e-05,423,640,9.95,0.8125,8
7.22100305557251,-0.00016561298980377614,14.442678451538086,0.017082028090953827,4.53730583190918,6.17839418737276e-07,424,640,9.95,0.8125,8
10.517744064331055,0.00033169984817504883,21.035160064697266,0.01676548644900322,9.834794044494629,1.0770559129014146e-05,425,640,8.825,0.71875,8
4.117152214050293,-0.0001394808350596577,8.234938621520996,0.01776178367435932,3.1413137912750244,1.1107511454611085e-05,426,640,11.075,0.90625,8
5.010149955749512,-0.0018097668653354049,10.024263381958008,0.017196277156472206,1.174310326576233,7.390240352833644e-05,427,640,10.7,0.875,8
4.251294136047363,0.0018389225006103516,8.499249458312988,0.016972413286566734,2.6810407638549805,3.0885636078892276e-05,428,640,11.075,0.90625,8
5.308990955352783,-0.004458501935005188,10.62723445892334,0.016805823892354965,1.222316861152649,0.0005366242257878184,429,640,10.7,0.875,8
3.9746251106262207,0.003215193748474121,7.943166255950928,0.017314691096544266,1.6277401447296143,0.00023839101777411997,430,640,11.075,0.90625,8
2.8036575317382812,-0.00023162364959716797,5.60810661315918,0.016398023813962936,2.4941773414611816,3.422331019464764e-06,431,640,11.45,0.9375,8
2.7692267894744873,0.0008193671819753945,5.537158966064453,0.017205044627189636,1.4822198152542114,3.2341758924303576e-05,432,640,11.45,0.9375,8
1.5380539894104004,-5.299300028127618e-05,3.0765645503997803,0.017520830035209656,2.192991256713867,5.520880108633719e-07,433,640,11.825,0.96875,8
1.4920095205307007,-0.001975329127162695,2.9883291721343994,0.01797347515821457,0.88932204246521,7.016435120021924e-05,434,640,11.825,0.96875,8
8.193035125732422,0.002473127795383334,16.381542205810547,0.02084503509104252,10.410983085632324,0.00027904557646252215,435,640,9.95,0.8125,8
5.415388584136963,0.0005704372888430953,10.829996109008789,0.017998049035668373,6.268908977508545,5.302154386299662e-05,436,640,10.7,0.875,8
2.695678234100342,-0.0011121511925011873,5.393959045410156,0.018899017944931984,1.2590829133987427,1.1165347132191528e-05,437,640,11.45,0.9375,8
5.2716064453125,-0.0016370952362194657,10.546874046325684,0.019361134618520737,4.447010517120361,0.00010394202399766073,438,640,10.7,0.875,8
3.938493251800537,-0.00038971006870269775,7.878084659576416,0.01592656411230564,1.7192976474761963,4.322370659792796e-05,439,640,11.075,0.90625,8
5.093297004699707,-0.000661528087221086,10.188279151916504,0.018137844279408455,2.178574800491333,4.430348053574562e-05,440,640,10.7,0.875,8
5.0852789878845215,-0.0017879068618640304,10.17448616027832,0.017600929364562035,0.6069679856300354,0.00015785256982780993,441,640,10.7,0.875,8
5.220641613006592,0.0007237911340780556,10.440156936645508,0.016083616763353348,0.8385030031204224,8.735414303373545e-05,442,640,10.7,0.875,8
2.964702606201172,-0.0010340989101678133,5.931787014007568,0.015689078718423843,4.801420211791992,8.023996088013519e-06,443,640,11.45,0.9375,8
2.958214282989502,4.973411705577746e-05,5.916638374328613,0.015466170385479927,4.542481899261475,2.5500450647086836e-05,444,640,11.45,0.9375,8
2.951320171356201,0.001008200692012906,5.900943756103516,0.015996908769011497,3.6637229919433594,7.1405434027838055e-06,445,640,11.45,0.9375,8
8.3732271194458,0.000853848468977958,16.74506187438965,0.015711911022663116,7.461254119873047,1.8844566511688754e-05,446,640,9.575,0.78125,8
7.442239284515381,-0.0016096711624413729,14.888008117675781,0.015474153682589531,4.990412712097168,9.073121327674016e-05,447,640,9.95,0.8125,8
3.9073832035064697,-0.00044206081656739116,7.815952301025391,0.015101532451808453,1.5090773105621338,4.969071596860886e-06,448,640,11.075,0.90625,8
4.0173187255859375,-0.0007257640245370567,8.036367416381836,0.013900935649871826,1.5943206548690796,4.754988549393602e-05,449,640,11.075,0.90625,8
7.558857440948486,-0.0002491772174835205,15.118510246276855,0.014816844835877419,5.712709903717041,4.209112375974655e-06,450,640,9.95,0.8125,8
1.6481566429138184,-6.10694260103628e-05,3.296722888946533,0.01438053511083126,5.1011176109313965,3.448687380114279e-07,451,640,11.825,0.96875,8
5.30202579498291,-0.004132977221161127,10.612592697143555,0.013791988603770733,1.935328722000122,0.00033952342346310616,452,640,10.7,0.875,8
2.7956669330596924,0.0014964401489123702,5.588605880737305,0.013247579336166382,2.665518045425415,0.00016304822929669172,453,640,11.45,0.9375,8
5.148228645324707,0.0003321647527627647,10.296113967895508,0.01607411913573742,1.4799546003341675,2.986881918332074e-05,454,640,10.7,0.875,8
5.136995792388916,-0.00039549171924591064,10.275065422058105,0.014177346602082253,1.3549493551254272,7.980121154105291e-05,455,640,10.7,0.875,8
2.8027565479278564,0.0006451487424783409,5.6045308113098145,0.015398003160953522,3.55281400680542,3.6629849091696087e-06,456,640,11.45,0.9375,8
3.849172592163086,-0.0038905739784240723,7.706380367279053,0.012708837166428566,1.2610143423080444,0.00017991354980040342,457,640,11.075,0.90625,8
8.45997428894043,-0.0039739906787872314,16.928176879882812,0.013990489766001701,7.633274078369141,0.0002870647294912487,458,640,9.575,0.78125,8
3.9973649978637695,-0.0002254486025776714,7.995440483093262,0.012978595681488514,0.6997119784355164,1.0980666047544219e-05,459,640,11.075,0.90625,8
4.0093159675598145,-0.0014766782987862825,8.021845817565918,0.013039556331932545,0.5649613738059998,5.782330481451936e-05,460,640,11.075,0.90625,8
2.7347397804260254,0.0006543129566125572,5.468462944030762,0.014590106904506683,1.8714908361434937,3.691110805448261e-06,461,640,11.45,0.9375,8
2.672459125518799,-0.0030355334747582674,5.351259231567383,0.01349107176065445,0.5991936922073364,0.00012734737538266927,462,640,11.45,0.9375,8
4.148684024810791,0.006845423486083746,8.283998489379883,0.016064858064055443,2.629796028137207,0.0002700757177080959,463,640,11.075,0.90625,8
2.7617201805114746,-0.0003210216818843037,5.524363994598389,0.014088286086916924,0.25311630964279175,1.0095536708831787e-06,464,640,11.45,0.9375,8
1.4786349534988403,-0.002198566449806094,2.961960792541504,0.01468946598470211,1.4942374229431152,5.4379830544348806e-05,465,640,11.825,0.96875,8
2.736445665359497,-0.000940215599257499,5.475029945373535,0.012905115261673927,0.9326703548431396,5.931714622420259e-05,466,640,11.45,0.9375,8
5.3441386222839355,-0.002724877092987299,10.693962097167969,0.011765671893954277,4.578470230102539,0.0002350965514779091,467,640,10.7,0.875,8
2.7575559616088867,-0.0005839794757775962,5.516512870788574,0.01167035847902298,0.5454697012901306,7.950570579851046e-05,468,640,11.45,0.9375,8
2.6829707622528076,-0.0031119794584810734,5.372380256652832,0.010717337019741535,0.5727145075798035,0.00044457876356318593,469,640,11.45,0.9375,8
1.4867961406707764,0.006410486996173859,2.9610238075256348,0.012623349204659462,1.7348023653030396,0.00022536757751367986,470,640,11.825,0.96875,8
1.449828863143921,-0.0014158055419102311,2.902731418609619,0.012104487977921963,0.4771600067615509,1.790197529771831e-05,471,640,11.825,0.96875,8
1.3979299068450928,-0.0004181712865829468,2.796933174133301,0.011849623173475266,0.7056566476821899,1.3783574104309082e-06,472,640,11.825,0.96875,8
2.7766754627227783,1.2466311090975069e-05,5.553562641143799,0.011815981939435005,2.148857593536377,6.745774589944631e-05,473,640,11.45,0.9375,8
5.290184497833252,-0.0005948841571807861,10.581792831420898,0.011663457378745079,5.050572395324707,5.929451617703307e-06,474,640,10.7,0.875,8
0.1806439608335495,-9.768605377757922e-05,0.36170095205307007,0.010882973670959473,4.030664920806885,1.0192394483965472e-06,475,640,12.2,1.0,8
6.731608867645264,0.00019509196863509715,13.463038444519043,0.01055954024195671,6.699775218963623,2.8973445864721725e-07,476,640,10.325,0.84375,8
0.2259080708026886,2.9540062314481474e-05,0.4519689679145813,0.010595260187983513,4.5247626304626465,1.0039657638571953e-07,477,640,12.2,1.0,8
5.310888290405273,-0.0004421353223733604,10.622915267944336,0.012733614072203636,4.3171257972717285,4.561524747259682e-06,478,640,10.7,0.875,8
2.790538787841797,-0.0031208754517138004,5.587526798248291,0.010368547402322292,0.7722166776657104,0.00012303804396651685,479,640,11.45,0.9375,8
1.4827570915222168,-0.0022211731411516666,2.9701571464538574,0.010020682588219643,2.0267281532287598,6.86484418110922e-05,480,640,11.825,0.96875,8
1.4573745727539062,-0.002168264938518405,2.9192659854888916,0.009014556184411049,1.3268496990203857,5.3191837650956586e-05,481,640,11.825,0.96875,8
0.07276561856269836,7.541105151176453e-05,0.14555853605270386,0.008906560949981213,2.418194055557251,6.971880566197797e-07,482,640,12.2,1.0,8
0.02964816987514496,-8.243024058174342e-05,0.05965597182512283,0.009738588705658913,1.2305768728256226,3.2521785442440887e-07,483,640,12.2,1.0,8
4.341535568237305,0.00042905210284516215,8.682416915893555,0.01019172091037035,6.186094284057617,5.400646386988228e-06,484,640,11.075,0.90625,8
4.327731609344482,-0.001409077667631209,8.658479690551758,0.009905719198286533,5.937804698944092,6.183302321005613e-05,485,640,11.075,0.90625,8
2.833789110183716,-0.0004668682813644409,5.668734073638916,0.011111261323094368,2.9538490772247314,9.488202340435237e-05,486,640,11.45,0.9375,8
6.779831886291504,0.002350670052692294,13.555249214172363,0.014331715181469917,8.137002944946289,3.645569086074829e-05,487,640,10.325,0.84375,8
4.0068678855896,-7.850230031181127e-05,8.014123916625977,0.011534517630934715,2.939241647720337,1.0370276868343353e-06,488,640,11.075,0.90625,8
5.170382976531982,-0.0020156563259661198,10.34499454498291,0.00987623818218708,3.9200875759124756,3.3430194889660925e-05,489,640,10.7,0.875,8
1.5222529172897339,-0.0022799954749643803,3.0492730140686035,0.010358000174164772,3.482095241546631,5.260585021460429e-05,490,640,11.825,0.96875,8
0.318771094083786,-0.00013521760411094874,0.6379956007003784,0.009147905744612217,5.517485618591309,4.901643933408195e-06,491,640,12.2,1.0,8
2.6974594593048096,-0.003021717071533203,5.401149749755859,0.009378085844218731,0.7490698099136353,0.0002495593507774174,492,640,11.45,0.9375,8
1.4746315479278564,0.004759864415973425,2.939999580383301,0.012813584879040718,1.6432522535324097,0.0001342633768217638,493,640,11.825,0.96875,8
4.0803728103637695,-0.0008403539541177452,8.162668228149414,0.012090979143977165,3.194981575012207,9.584427061781753e-06,494,640,11.075,0.90625,8
6.763129234313965,-0.0049140662886202335,13.536297798156738,0.010553945787250996,7.449615478515625,0.00036705247475765646,495,640,10.325,0.84375,8
0.14002683758735657,0.00031681061955168843,0.2796056866645813,0.009281237609684467,3.5888965129852295,3.3062883630918805e-06,496,640,12.2,1.0,8
1.4593236446380615,-0.0021692768204957247,2.9231553077697754,0.008476109243929386,1.1407283544540405,6.0238315199967474e-05,497,640,11.825,0.96875,8
2.711714506149292,-0.0002070844202535227,5.424010276794434,0.008341597393155098,1.4429187774658203,2.788379731555324e-07,498,640,11.45,0.9375,8
2.7856671810150146,-0.0010230302577838302,5.573546409606934,0.008302433416247368,1.2937142848968506,7.6062979132984765e-06,499,640,11.45,0.9375,8
0.1311545968055725,0.00012748836888931692,0.2622218430042267,0.008381874300539494,3.4565446376800537,1.7927959561347961e-06,500,640,12.2,1.0,8
2.687614917755127,-0.0021365792490541935,5.379664421081543,0.008081210777163506,1.0417671203613281,3.3607146178837866e-05,501,640,11.45,0.9375,8
1.40791916847229,-0.002213458763435483,2.820430278778076,0.008247547782957554,1.3498018980026245,0.00012841048010159284,502,640,11.825,0.96875,8
0.09606080502271652,-0.0004447519895620644,0.1931859403848648,0.008741220459342003,2.886695384979248,9.104516720981337e-06,503,640,12.2,1.0,8
1.44064199924469,-0.0022187158465385437,2.88590145111084,0.009005253203213215,0.3656455874443054,6.10831193625927e-05,504,640,11.825,0.96875,8
1.441275715827942,-0.002151286695152521,2.8870105743408203,0.007830565795302391,0.5211096405982971,0.0002207956276834011,505,640,11.825,0.96875,8
1.4041130542755127,0.00027823745040223,2.8078362941741943,0.008334645070135593,0.2782222032546997,6.379559636116028e-07,506,640,11.825,0.96875,8
1.4303728342056274,-0.0003139972686767578,2.861536741256714,0.008155899122357368,0.30750158429145813,6.913207357683859e-07,507,640,11.825,0.96875,8
6.770784854888916,0.004966676235198975,13.531834602355957,0.0099387401714921,7.881041049957275,0.0005156326224096119,508,640,10.325,0.84375,8
4.062241554260254,-3.0481814974336885e-05,8.124763488769531,0.010969521477818489,2.863800287246704,0.00011301077756797895,509,640,11.075,0.90625,8
3.9528706073760986,0.002393353031948209,7.901185035705566,0.011509278789162636,1.8552619218826294,3.572944478946738e-05,510,640,11.075,0.90625,8
5.126489162445068,0.0010200977558270097,10.25114631652832,0.01039818860590458,2.8204517364501953,1.0605156603560317e-05,511,640,10.7,0.875,8
2.7735352516174316,-0.002125304890796542,5.551579475402832,0.01293171476572752,2.5313353538513184,3.531947731971741e-05,512,640,11.45,0.9375,8
5.0829386711120605,-0.001940649701282382,10.169970512390137,0.0106008006259799,1.5680928230285645,0.00019604135013651103,513,640,10.7,0.875,8
1.6861176490783691,-0.0016609057784080505,3.3757691383361816,0.010597014799714088,5.306358814239502,2.176789530494716e-05,514,640,11.825,0.96875,8
3.9085872173309326,-0.003700691508129239,7.824767112731934,0.00955884624272585,1.0055314302444458,0.00022898912720847875,515,640,11.075,0.90625,8
3.9285407066345215,-0.0010761052835732698,7.859442710876465,0.010439546778798103,0.4105522632598877,0.00014588404155801982,516,640,11.075,0.90625,8
0.31249624490737915,1.7136335372924805e-05,0.6251813173294067,0.011156132444739342,5.501540660858154,1.0561198138248074e-07,517,640,12.2,1.0,8
3.9807887077331543,-0.0015545726055279374,7.964840888977051,0.007724354974925518,0.9112151265144348,0.0003514118434395641,518,640,11.075,0.90625,8
2.797574758529663,-0.0022426664363592863,5.599808692932129,0.008699527010321617,0.9561576843261719,3.649899736046791e-05,519,640,11.45,0.9375,8
1.4806220531463623,-0.0022212625481188297,2.965834140777588,0.007375095039606094,2.081204652786255,5.180994048714638e-05,520,640,11.825,0.96875,8
1.4090498685836792,0.0004951208829879761,2.8172316551208496,0.006106977351009846,1.218851923942566,2.087559551000595e-06,521,640,11.825,0.96875,8
1.4530574083328247,-0.002056537661701441,2.9103407859802246,0.005644665099680424,0.5136687755584717,3.243936225771904e-05,522,640,11.825,0.96875,8
0.024291204288601875,0.0001488909183535725,0.04841070994734764,0.006304034031927586,0.9422442317008972,5.3838825806451496e-06,523,640,12.2,1.0,8
1.438423752784729,0.0015703036915510893,2.873854875564575,0.007402315735816956,1.8832827806472778,1.4854222172289155e-05,524,640,11.825,0.96875,8
2.9301486015319824,-0.00036615729914046824,5.861159801483154,0.006508045829832554,3.9836039543151855,9.34116542339325e-07,525,640,11.45,0.9375,8
0.014838619157671928,-2.7529895305633545e-06,0.029805298894643784,0.006127727683633566,0.525791347026825,9.862706207286465e-08,526,640,12.2,1.0,8
0.011061226949095726,-0.00029781609191559255,0.022889116778969765,0.008551521226763725,0.22006547451019287,2.4165958620869787e-06,527,640,12.2,1.0,8
0.010638967156410217,-0.00038169921026565135,0.0222096536308527,0.008416041731834412,0.32200607657432556,5.655456334352493e-06,528,640,12.2,1.0,8
1.4511501789093018,0.0011143594747409225,2.900263547897339,0.009595828130841255,2.2405757904052734,8.603278729424346e-06,529,640,11.825,0.96875,8
4.267335891723633,-0.0004810333193745464,8.535829544067383,0.009757408872246742,5.691986083984375,1.4747585737495683e-05,530,640,11.075,0.90625,8
0.026539744809269905,5.729496479034424e-05,0.053144026547670364,0.008956348523497581,1.2394298315048218,7.985159982126788e-07,531,640,12.2,1.0,8
1.402098298072815,-0.002271099481731653,2.808891773223877,0.007653821259737015,0.8279559016227722,6.879391003167257e-05,532,640,11.825,0.96875,8
1.4330793619155884,3.265142368036322e-05,2.866225004196167,0.006582560949027538,0.4147679805755615,1.826603011068073e-06,533,640,11.825,0.96875,8
1.4350296258926392,-0.0020847320556640625,2.8743865489959717,0.007897346280515194,0.476778507232666,0.00016982499801088125,534,640,11.825,0.96875,8
5.371601104736328,0.006767666433006525,10.729886054992676,0.010948396287858486,5.666022300720215,0.0002536199172027409,535,640,10.7,0.875,8
0.1028810366988182,-1.7762183688319055e-06,0.20591267943382263,0.007352831773459911,3.098842144012451,6.879679972371378e-07,536,640,12.2,1.0,8
5.32287073135376,-0.0009042799356393516,10.647722244262695,0.008645499125123024,5.368557929992676,5.9242361203359906e-06,537,640,10.7,0.875,8
0.1174674853682518,4.043355511385016e-05,0.23497989773750305,0.006289727985858917,3.3422536849975586,1.3156793556845514e-06,538,640,12.2,1.0,8
0.09404489398002625,4.353374242782593e-05,0.18820318579673767,0.010023270733654499,2.9515788555145264,1.9408761886552384e-07,539,640,12.2,1.0,8
1.4006352424621582,-0.0022859186865389347,2.8059897422790527,0.007361487485468388,0.25754472613334656,0.00010702265717554837,540,640,11.825,0.96875,8
1.3950963020324707,-0.0022224814165383577,2.7947912216186523,0.007676673121750355,0.5747562050819397,0.00040555745363235474,541,640,11.825,0.96875,8
0.033009324222803116,-0.002744373632594943,0.07170670479536057,0.009965656325221062,1.6082422733306885,6.17110199527815e-05,542,640,12.2,1.0,8
4.313581466674805,0.007538097910583019,8.6123628616333,0.013828674331307411,5.279396057128906,0.00033843127312138677,543,640,11.075,0.90625,8
4.252865314483643,0.002364885760471225,8.501346588134766,0.017330454662442207,4.895261287689209,4.499647911870852e-05,544,640,11.075,0.90625,8
6.916141986846924,5.682110713678412e-05,13.83246898651123,0.014913344755768776,8.351284980773926,4.2226164964631607e-07,545,640,10.325,0.84375,8
13.332470893859863,-0.0013506978284567595,26.66805076599121,0.020399464294314384,18.49820899963379,1.3432372725219466e-05,546,640,8.45,0.6875,8
4.048379898071289,-0.003229990601539612,8.103520393371582,0.015020623803138733,1.8250555992126465,9.250724542653188e-05,547,640,11.075,0.90625,8
10.071915626525879,-0.006039901170879602,20.156217575073242,0.015371061861515045,11.565998077392578,0.0003052066022064537,548,640,9.2,0.75,8
5.17773962020874,-0.0046079931780695915,10.364934921264648,0.011950698681175709,1.5765138864517212,0.00034682685509324074,549,640,10.7,0.875,8
1.8180397748947144,-0.002226591110229492,3.640721559524536,0.009437935426831245,6.1977219581604,0.00010358020517742261,550,640,11.825,0.96875,8
2.9339096546173096,-0.003016954753547907,5.874023914337158,0.00853451807051897,4.047112464904785,0.00014249281957745552,551,640,11.45,0.9375,8
2.8578107357025146,-0.00033696889295242727,5.716448783874512,0.007681295275688171,3.4371063709259033,6.459224823629484e-05,552,640,11.45,0.9375,8
1.610228419303894,0.0002745032252278179,3.2200534343719482,0.007284286431968212,4.668526649475098,6.477348506450653e-07,553,640,11.825,0.96875,8
2.7300679683685303,-0.001880410360172391,5.4640607833862305,0.008205059915781021,1.533008337020874,2.6455241822986864e-05,554,640,11.45,0.9375,8
0.19631323218345642,-0.00010014474537456408,0.39299696683883667,0.008510379120707512,4.366152286529541,2.6979482754541095e-06,555,640,12.2,1.0,8
0.10014057159423828,-0.0001732513337628916,0.20080938935279846,0.009087665006518364,3.0436487197875977,1.823436491577013e-06,556,640,12.2,1.0,8
4.161413669586182,0.0005234658601693809,8.321942329406738,0.008093858137726784,4.2007293701171875,8.484814316034317e-06,557,640,11.075,0.90625,8
2.770127534866333,-0.0005988121265545487,5.5416388511657715,0.009289887733757496,2.139840841293335,3.1921081244945526e-06,558,640,11.45,0.9375,8
1.4256821870803833,-0.0022351802326738834,2.8559763431549072,0.007082535419613123,0.39576980471611023,0.00039309822022914886,559,640,11.825,0.96875,8
0.05001050606369972,0.00038536934880539775,0.09933129698038101,0.004051421768963337,2.0819528102874756,4.0745362639427185e-06,560,640,12.2,1.0,8
2.7618703842163086,0.0008485764265060425,5.5221991539001465,0.007762660272419453,2.15138578414917,4.631094725482399e-06,561,640,11.45,0.9375,8
1.4005881547927856,-0.0022412806283682585,2.805774211883545,0.005771283525973558,0.2753402888774872,0.00011295611329842359,562,640,11.825,0.96875,8
0.04767922684550285,-0.0002302259235875681,0.09594523906707764,0.006316653452813625,1.990688681602478,3.868341536872322e-06,563,640,12.2,1.0,8
1.4032930135726929,-0.0021600157488137484,2.811053991317749,0.007393901702016592,0.416450172662735,0.00012690582661889493,564,640,11.825,0.96875,8
1.3945578336715698,-0.0020545318257063627,2.793457508087158,0.011639291420578957,0.2905747592449188,0.00029097823426127434,565,640,11.825,0.96875,8
4.192667484283447,0.007810485549271107,8.370036125183105,0.016105877235531807,4.21537971496582,0.0004225688462611288,566,640,11.075,0.90625,8
4.129274845123291,0.0019992231391370296,8.254794120788574,0.012143773026764393,3.255291700363159,3.704857226694003e-05,567,640,11.075,0.90625,8
11.779747009277344,-0.00031028984813019633,23.56047248840332,0.01794554851949215,15.405712127685547,9.259674698114395e-07,568,640,8.825,0.71875,8
7.725322723388672,-0.0017654895782470703,15.454493522644043,0.015841012820601463,7.645063877105713,2.663615123310592e-05,569,640,9.95,0.8125,8
1.620219349861145,-0.0018559724558144808,3.2443878650665283,0.011859686113893986,4.314759254455566,5.233138654148206e-05,570,640,11.825,0.96875,8
8.684924125671387,-0.0037049055099487305,17.377574920654297,0.015797924250364304,8.519428253173828,0.00016829170635901392,571,640,9.575,0.78125,8
4.002321243286133,-0.0042565735056996346,8.013333320617676,0.008880079723894596,1.3183858394622803,0.0007429540855810046,572,640,11.075,0.90625,8
1.674544334411621,-0.002349674701690674,3.3539092540740967,0.006052536889910698,5.021754264831543,0.00030019498080946505,573,640,11.825,0.96875,8
0.44463083148002625,-0.00012039318971801549,0.8896106481552124,0.005409913137555122,6.56785249710083,2.746749714788166e-06,574,640,12.2,1.0,8
0.3293146789073944,-3.493055555736646e-05,0.6587988138198853,0.004978745244443417,5.624110221862793,3.7727878066107223e-07,575,640,12.2,1.0,8
1.477007508277893,-0.0020021810196340084,2.9581146240234375,0.004760949872434139,2.4157583713531494,3.1007824873086065e-05,576,640,11.825,0.96875,8
0.11671124398708344,-6.451457920775283e-06,0.23352649807929993,0.004555553663522005,3.257727861404419,1.2256205650373886e-07,577,640,12.2,1.0,8
0.047907505184412,-1.2677162430918543e-06,0.0959072858095169,0.004487025551497936,1.8729946613311768,5.6251884927860374e-08,578,640,12.2,1.0,8
0.015106504783034325,-2.3733824491500854e-05,0.030353453010320663,0.0046487837098538876,0.5218652486801147,5.06639494801675e-08,579,640,12.2,1.0,8
0.01518067717552185,-4.781260940944776e-05,0.030549559742212296,0.004629083909094334,0.6866005659103394,2.4307519552735357e-08,580,640,12.2,1.0,8
0.014508821070194244,-1.7248094081878662e-05,0.02913786470890045,0.004286344163119793,0.8383413553237915,8.75443184611413e-09,581,640,12.2,1.0,8
1.4729883670806885,-0.0007225662702694535,2.947512626647949,0.004541170783340931,2.469738245010376,3.5515054150891956e-06,582,640,11.825,0.96875,8
0.007060830481350422,-9.868293773251935e-07,0.014223644509911537,0.005000515840947628,0.25383636355400085,7.851049588225578e-08,583,640,12.2,1.0,8
0.00790591724216938,-2.548992597439792e-05,0.01596585288643837,0.005151933059096336,0.3425212800502777,2.7008354663848877e-08,584,640,12.2,1.0,8
0.006870596669614315,-2.6645324396668002e-05,0.013903932645916939,0.005472471471875906,0.11442544311285019,3.455206609714878e-08,585,640,12.2,1.0,8
0.006621412932872772,-4.232525679981336e-05,0.013437609188258648,0.005506607703864574,0.20156337320804596,2.4586915614577265e-08,586,640,12.2,1.0,8
0.006386542227119207,-3.905668927473016e-05,0.012964636087417603,0.005671900697052479,0.17387734353542328,1.4435499906539917e-08,587,640,12.2,1.0,8
1.4462333917617798,-0.0007533133029937744,2.8940930366516113,0.00598385464400053,1.9742038249969482,4.111975613341201e-06,588,640,11.825,0.96875,8
0.008506521582603455,-0.0001377001462969929,0.017409009858965874,0.0060283890925347805,0.5116303563117981,6.816350150984363e-07,589,640,12.2,1.0,8
0.005968297366052866,-0.0003059804439544678,0.012682529166340828,0.0066986652091145515,0.16029903292655945,1.5757046867292956e-06,590,640,12.2,1.0,8
1.4584572315216064,-0.00026210397481918335,2.917600631713867,0.008098694495856762,2.1387810707092285,4.5597553821608017e-07,591,640,11.825,0.96875,8
4.277653694152832,-0.0021147846709936857,8.55966567993164,0.006445862352848053,5.79587984085083,0.0001041905052261427,592,640,11.075,0.90625,8
0.016557972878217697,0.00012000575952697545,0.03298717737197876,0.005562161561101675,1.0303910970687866,3.9236618931681733e-07,593,640,12.2,1.0,8
0.009727922268211842,2.4160370230674744e-05,0.019519513472914696,0.005599511321634054,0.6305333971977234,4.349276494508558e-08,594,640,12.2,1.0,8
0.005499966908246279,-4.761070158565417e-05,0.011206096969544888,0.005547079257667065,0.11244118213653564,1.4062971231965093e-08,595,640,12.2,1.0,8
1.4723820686340332,-0.0016898394096642733,2.948256492614746,0.0056360033340752125,2.5195796489715576,2.05583874048898e-05,596,640,11.825,0.96875,8
1.4523265361785889,-0.0022126033436506987,2.9091882705688477,0.005497416015714407,2.014533519744873,0.00011848043504869565,597,640,11.825,0.96875,8
1.4243717193603516,-0.0021975100971758366,2.853234052658081,0.004781684838235378,1.1640880107879639,0.00011749165423680097,598,640,11.825,0.96875,8
0.03079700469970703,-0.0003011006920132786,0.06230715662240982,0.005547369830310345,1.5801947116851807,2.4720095552765997e-06,599,640,12.2,1.0,8
0.021732687950134277,-0.0005780924111604691,0.04480952024459839,0.009397963061928749,1.2812033891677856,7.028505024209153e-06,600,640,12.2,1.0,8
0.46159955859184265,3.762619962799363e-05,0.9232180118560791,0.00470779649913311,2.038482427597046,2.0341180970717687e-06,601,1088,12.760000000000003,1.0,15
1.5867997407913208,0.0005622575990855694,3.1725640296936035,0.004456248600035906,3.359785556793213,4.0082481973513495e-06,602,1088,12.385000000000003,0.96875,15
1.5029759407043457,-2.3957560188136995e-05,3.006094455718994,0.004734647460281849,2.680147886276245,2.448830471735164e-08,603,1088,12.385000000000003,0.96875,15
1.384238600730896,-0.000672179099638015,2.769892930984497,0.003569473046809435,1.742141604423523,5.560159934248077e-06,604,1088,12.385000000000003,0.96875,15
1.2382559776306152,5.621945092570968e-05,2.4765069484710693,0.005377024877816439,0.9006199240684509,1.333401905867504e-05,605,1088,12.385000000000003,0.96875,15
2.143052339553833,0.008656932972371578,4.268956661224365,0.008291500620543957,1.2973824739456177,0.0008978550904430449,606,1088,12.010000000000003,0.9375,15
2.1707799434661865,0.0020126630552113056,4.337648391723633,0.005697731394320726,1.1878342628479004,7.182957051554695e-05,607,1088,12.010000000000003,0.9375,15
2.971888780593872,-0.0021249125711619854,5.948115825653076,0.004416052717715502,1.1477024555206299,0.00014095533697400242,608,1088,11.635000000000003,0.90625,15
2.1332898139953613,-0.0020825618412345648,4.270837783813477,0.004653379786759615,1.9708657264709473,6.707922148052603e-05,609,1088,12.010000000000003,0.9375,15
2.0986764430999756,-0.00019848697411362082,4.197826385498047,0.0038059598300606012,0.36762431263923645,3.9370621379930526e-05,610,1088,12.010000000000003,0.9375,15
0.08353909850120544,-2.1093032046337612e-05,0.16718704998493195,0.0033333441242575645,2.4401087760925293,2.099310592029724e-07,611,1088,12.760000000000003,1.0,15
0.05041230097413063,3.445586844463833e-05,0.10081643611192703,0.0030373940244317055,1.314430832862854,1.519699281971043e-07,612,1088,12.760000000000003,1.0,15
1.104429841041565,0.0009307265281677246,2.207056999206543,0.0029457185883075,1.0591989755630493,7.287160769919865e-06,613,1088,12.385000000000003,0.96875,15
0.03057682327926159,3.7116162275196984e-05,0.06112774834036827,0.002416871255263686,0.5994582176208496,1.0578728648624747e-07,614,1088,12.760000000000003,1.0,15
0.019459234550595284,-2.362272425671108e-06,0.038972463458776474,0.0024634920991957188,0.24316024780273438,6.1357723346588955e-09,615,1088,12.760000000000003,1.0,15
1.1215975284576416,0.0006673230673186481,2.241910934448242,0.002531502628698945,1.8360838890075684,3.541272008078522e-06,616,1088,12.385000000000003,0.96875,15
0.014606245793402195,-5.162813977221958e-06,0.02927527390420437,0.0026228222995996475,0.28290441632270813,5.368800515270777e-09,617,1088,12.760000000000003,1.0,15
0.010798606090247631,6.291357749432791e-06,0.021639665588736534,0.0027517385315150023,0.1341642439365387,1.6736414920615061e-07,618,1088,12.760000000000003,1.0,15
0.010621710680425167,-8.781166798144113e-06,0.021317845210433006,0.002843052614480257,0.2923828959465027,1.1718229586676898e-07,619,1088,12.760000000000003,1.0,15
0.009651950560510159,-3.4014090488199145e-05,0.019437653943896294,0.0032862364314496517,0.04281594604253769,1.862645149230957e-08,620,1088,12.760000000000003,1.0,15
3.2663862705230713,-5.8072455431101844e-05,6.5329508781433105,0.0030933376401662827,5.0692138671875,6.759046300430782e-06,621,1088,11.635000000000003,0.90625,15
1.0838911533355713,0.00013678039249498397,2.1675713062286377,0.003129170974716544,0.41160982847213745,1.5564043565063912e-07,622,1088,12.385000000000003,0.96875,15
1.0785373449325562,-0.0013992330059409142,2.1599531173706055,0.003996721934527159,0.49752143025398254,8.186610648408532e-05,623,1088,12.385000000000003,0.96875,15
0.035921111702919006,4.9985177611233667e-05,0.07182149589061737,0.003962142858654261,1.613572597503662,4.665378128265729e-07,624,1088,12.760000000000003,1.0,15
3.1892688274383545,0.0005431455792859197,6.377542018890381,0.004524600226432085,4.153775215148926,2.911314368247986e-06,625,1088,11.635000000000003,0.90625,15
1.0731574296951294,-0.0014627347700297832,2.1493072509765625,0.0033445265144109726,0.21967266499996185,2.9432641895255074e-05,626,1088,12.385000000000003,0.96875,15
2.099642753601074,0.0004473433655221015,4.198498725891113,0.005386539734899998,1.3986942768096924,1.7454080989409704e-06,627,1088,12.010000000000003,0.9375,15
2.087844133377075,-0.0021262168884277344,4.180011749267578,0.0035602375864982605,0.6247239708900452,9.830816270550713e-05,628,1088,12.010000000000003,0.9375,15
2.0827581882476807,-0.0001112012323574163,4.1657915115356445,0.0026488499715924263,0.4030131697654724,3.9923059375723824e-05,629,1088,12.010000000000003,0.9375,15
0.15783444046974182,4.456323949852958e-06,0.3157174587249756,0.002873762510716915,3.8453524112701416,8.491470282478986e-08,630,1088,12.760000000000003,1.0,15
1.0880553722381592,-2.6140143745578825e-05,2.1762163639068604,0.002668227767571807,1.2009183168411255,7.505364330029352e-09,631,1088,12.385000000000003,0.96875,15
1.0696213245391846,-0.0014638918219134212,2.1422324180603027,0.0031038355082273483,0.24401143193244934,2.1226922399364412e-05,632,1088,12.385000000000003,0.96875,15
1.0751620531082153,-0.001458322280086577,2.153308391571045,0.0033895839005708694,0.5614259839057922,0.00010719977581175044,633,1088,12.385000000000003,0.96875,15
0.020159924402832985,-0.0005263370694592595,0.04148079454898834,0.005413523409515619,1.0444332361221313,1.8857857867260464e-05,634,1088,12.760000000000003,1.0,15
1.1056324243545532,0.001285289996303618,2.208815574645996,0.006062764674425125,1.1808658838272095,1.6511199646629393e-05,635,1088,12.385000000000003,0.96875,15
4.29118537902832,0.00048376532504335046,8.581534385681152,0.006603844929486513,6.3435468673706055,3.5339855912752682e-06,636,1088,11.260000000000003,0.875,15
4.1530985832214355,6.538278830703348e-05,8.30618667602539,0.0060023097321391106,5.103217124938965,5.43969099453534e-06,637,1088,11.260000000000003,0.875,15
4.065962791442871,-0.0006001556757837534,8.133259773254395,0.006676096003502607,4.027722358703613,4.4310136217973195e-06,638,1088,11.260000000000003,0.875,15
3.0568718910217285,-0.002651775488629937,6.119136810302734,0.004483524709939957,1.0331770181655884,0.00016608001897111535,639,1088,11.635000000000003,0.90625,15
2.13189959526062,-0.002206087112426758,4.268265724182129,0.0027142632752656937,1.7859439849853516,0.0007417303277179599,640,1088,12.010000000000003,0.9375,15
0.2703949809074402,-5.331591819413006e-05,0.540938675403595,0.0021053848322480917,4.91160249710083,7.914050570434483e-07,641,1088,12.760000000000003,1.0,15
0.1731121689081192,7.034597365418449e-05,0.346133828163147,0.0025099506601691246,3.7158401012420654,3.845266576263384e-07,642,1088,12.760000000000003,1.0,15
1.0899460315704346,-0.0001747923670336604,2.1803057193756104,0.0032027342822402716,0.7482429146766663,4.327910687607073e-07,643,1088,12.385000000000003,0.96875,15
0.0445539765059948,-3.3936958061531186e-05,0.08923238515853882,0.0028278527315706015,1.8725519180297852,2.1502594904632133e-07,644,1088,12.760000000000003,1.0,15
1.077331304550171,-0.001462070387788117,2.157646656036377,0.0029976454097777605,0.9875909686088562,4.277745392755605e-05,645,1088,12.385000000000003,0.96875,15
0.016184499487280846,-0.000377519492758438,0.033231448382139206,0.005370534490793943,0.3700423538684845,1.1228572475374676e-05,646,1088,12.760000000000003,1.0,15
1.1106212139129639,0.0013132937019690871,2.2187187671661377,0.005144225433468819,1.552233099937439,1.3812883480568416e-05,647,1088,12.385000000000003,0.96875,15
2.152053117752075,-0.001914038322865963,4.307992458343506,0.002920084400102496,2.6768546104431152,7.641835691174492e-05,648,1088,12.010000000000003,0.9375,15
1.079846739768982,-0.0015466389013454318,2.162846326828003,0.0029783821664750576,0.26035550236701965,8.154030365403742e-05,649,1088,12.385000000000003,0.96875,15
0.06131114438176155,-3.5051692975685e-05,0.12273380160331726,0.0020706667564809322,2.2329976558685303,4.2287524593120907e-07,650,1088,12.760000000000003,1.0,15
0.03972528502345085,-1.1808403542090673e-05,0.0795145332813263,0.002017365535721183,1.6886423826217651,1.424923539161682e-07,651,1088,12.760000000000003,1.0,15
0.013871625065803528,1.2584688192873728e-05,0.027760162949562073,0.0021041769068688154,0.7023741602897644,1.0880039269522968e-07,652,1088,12.760000000000003,1.0,15
2.199164390563965,-0.0018837591633200645,4.40214204788208,0.002278691390529275,3.6527700424194336,3.585756348911673e-05,653,1088,12.010000000000003,0.9375,15
0.008566769771277905,-1.3218973435868975e-05,0.017207687720656395,0.0023855220060795546,0.07670491188764572,1.660493325061907e-07,654,1088,12.760000000000003,1.0,15
1.1068799495697021,-0.00012174950097687542,2.2140579223632812,0.002733241766691208,1.6689040660858154,1.2633117307814246e-07,655,1088,12.385000000000003,0.96875,15
0.009231883101165295,5.231403065408813e-06,0.018497979268431664,0.002233772771432996,0.4544987976551056,8.23946564310063e-08,656,1088,12.760000000000003,1.0,15
2.177325487136841,-0.0013652548659592867,4.357420921325684,0.0019670610781759024,3.1794910430908203,1.7534010112285614e-05,657,1088,12.010000000000003,0.9375,15
0.012264177203178406,-1.1234379599045496e-05,0.024590879678726196,0.0020028422586619854,0.6754103302955627,7.012311442622376e-08,658,1088,12.760000000000003,1.0,15
0.006806252524256706,-4.237188932165736e-06,0.013662419281899929,0.002072023693472147,0.03181981295347214,5.1496660269378935e-09,659,1088,12.760000000000003,1.0,15
1.1124836206436157,-0.0007540653459727764,2.2265126705169678,0.001860837102867663,1.9574646949768066,5.158541171113029e-06,660,1088,12.385000000000003,0.96875,15
0.006778000388294458,-4.691235972131835e-06,0.01360192708671093,0.0018272169400006533,0.1634424477815628,5.60437065644237e-08,661,1088,12.760000000000003,1.0,15
0.006510489154607058,-2.8132515126344515e-06,0.013063224963843822,0.0018310038140043616,0.07446840405464172,2.3502199297809057e-08,662,1088,12.760000000000003,1.0,15
0.006172678433358669,-2.2523763618664816e-06,0.012386581860482693,0.0018359990790486336,0.07941729575395584,1.5229863592480797e-08,663,1088,12.760000000000003,1.0,15
3.285767078399658,-5.386506745708175e-05,6.571678638458252,0.0018427821341902018,5.3363423347473145,7.1883309828990605e-06,664,1088,11.635000000000003,0.90625,15
0.008854854851961136,-4.251213781003571e-08,0.017747294157743454,0.0018749276641756296,0.5035850405693054,5.916637402236802e-09,665,1088,12.760000000000003,1.0,15
0.005938725080341101,2.4464200123475166e-06,0.01191113144159317,0.0019287032773718238,0.0729634240269661,1.5065511504985807e-08,666,1088,12.760000000000003,1.0,15
0.006395738571882248,1.522109755569545e-06,0.012828029692173004,0.0019798516295850277,0.28410398960113525,1.3093299777722223e-08,667,1088,12.760000000000003,1.0,15
0.005526202730834484,-5.552873858505336e-07,0.01109409797936678,0.0020291307009756565,0.04437064751982689,3.834857764672961e-09,668,1088,12.760000000000003,1.0,15
0.0053831590339541435,3.769117284946333e-08,0.010807149112224579,0.002045329660177231,0.12070155888795853,2.7939677238464355e-09,669,1088,12.760000000000003,1.0,15
1.090237021446228,-0.000889402988832444,2.1822946071624756,0.002087733708322048,1.4722895622253418,7.312635261769174e-06,670,1088,12.385000000000003,0.96875,15
0.01027243584394455,1.5785369669174543e-06,0.020576681941747665,0.00174840004183352,0.6681863069534302,6.88630876766183e-08,671,1088,12.760000000000003,1.0,15
0.005322102922946215,2.1394342184066772e-05,0.01064287219196558,0.0020727345254272223,0.10925675928592682,4.7497451305389404e-08,672,1088,12.760000000000003,1.0,15
0.006079035811126232,1.5131910004129168e-05,0.012176379561424255,0.002428601263090968,0.3118187487125397,1.2435895868634361e-08,673,1088,12.760000000000003,1.0,15
1.0923553705215454,-0.000872212287504226,2.186497926712036,0.002137615578249097,1.588443398475647,7.123467185010668e-06,674,1088,12.385000000000003,0.96875,15
0.00931912288069725,2.1602740162052214e-05,0.018639743328094482,0.0022351862862706184,0.6535082459449768,9.099569098225402e-08,675,1088,12.760000000000003,1.0,15
1.0851848125457764,-0.0005831297603435814,2.1715824604034424,0.002322492888197303,1.1400909423828125,3.0380838325072546e-06,676,1088,12.385000000000003,0.96875,15
0.01290873158723116,-2.1093250325066037e-05,0.02589639648795128,0.0018373139901086688,0.8631630539894104,9.828192304439654e-08,677,1088,12.760000000000003,1.0,15
1.0797407627105713,-0.0014671998796984553,2.1624534130096436,0.0018760180100798607,1.0654573440551758,3.140381522825919e-05,678,1088,12.385000000000003,0.96875,15
0.012537365779280663,-1.9842211258946918e-05,0.02515432797372341,0.0019956249743700027,0.8593617677688599,2.301462416198774e-07,679,1088,12.760000000000003,1.0,15
1.085737943649292,-0.0014792961301282048,2.1744682788848877,0.0016923601506277919,1.1527801752090454,2.8220661988598295e-05,680,1088,12.385000000000003,0.96875,15
0.010342123918235302,9.693643733044155e-06,0.020699381828308105,0.0017259822925552726,0.7571393251419067,1.433688936458566e-07,681,1088,12.760000000000003,1.0,15
0.0054770843125879765,1.9094961317023262e-05,0.010948343202471733,0.0016182424733415246,0.1304893046617508,2.8542297414446693e-08,682,1088,12.760000000000003,1.0,15
0.006716997362673283,2.345289431104902e-06,0.013465188443660736,0.0017941987607628107,0.3300706744194031,9.313225746154785e-10,683,1088,12.760000000000003,1.0,15
0.004492208361625671,-7.059534709696891e-06,0.009034343995153904,0.001790424226783216,0.08536277711391449,8.217551972222736e-09,684,1088,12.760000000000003,1.0,15
0.0044674864038825035,-3.798043053393485e-06,0.008977824822068214,0.0017628064379096031,0.1448807269334793,4.7661803392884394e-09,685,1088,12.760000000000003,1.0,15
1.0886420011520386,-0.0010320929577574134,2.179385185241699,0.0018528248183429241,1.446843147277832,9.98103860183619e-06,686,1088,12.385000000000003,0.96875,15
0.008978428319096565,-1.1177186024724506e-05,0.018014928326010704,0.0017858929932117462,0.5924129486083984,5.335930453043147e-08,687,1088,12.760000000000003,1.0,15
1.083320140838623,-0.0013417688896879554,2.169362783432007,0.0019470177358016372,1.310936689376831,1.793535557226278e-05,688,1088,12.385000000000003,0.96875,15
1.0696157217025757,-0.0014405372785404325,2.1421587467193604,0.0023096001241356134,0.5187671184539795,5.505442095454782e-05,689,1088,12.385000000000003,0.96875,15
1.0779787302017212,-0.0014861909439787269,2.1589725017547607,0.0021310574375092983,0.47913658618927,0.0003274764749221504,690,1088,12.385000000000003,0.96875,15
0.05677635967731476,-2.0481646060943604e-05,0.11363955587148666,0.002293599070981145,2.222766876220703,3.582852770023237e-08,691,1088,12.760000000000003,1.0,15
0.029772182926535606,-2.5555929823894985e-05,0.05963507667183876,0.0019799384754151106,1.5331915616989136,7.067094998092216e-08,692,1088,12.760000000000003,1.0,15
0.008509722538292408,-1.945149415405467e-05,0.017094295471906662,0.0017973253270611167,0.4065173864364624,8.896869729824175e-08,693,1088,12.760000000000003,1.0,15
0.01158081740140915,3.53464315594465e-06,0.023191478103399277,0.0018455859972164035,0.5905028581619263,2.7939677238464355e-08,694,1088,12.760000000000003,1.0,15
1.1297451257705688,-0.0009074912522919476,2.2613377571105957,0.001625811797566712,2.3371269702911377,7.598770480399253e-06,695,1088,12.385000000000003,0.96875,15
0.006876911502331495,2.3532877548859688e-06,0.013779864646494389,0.0015374396461993456,0.1815127730369568,7.94363330669512e-09,696,1088,12.760000000000003,1.0,15
0.005621719639748335,6.538980414916296e-07,0.011274384334683418,0.0016126175178214908,0.2844565212726593,1.040889929804223e-09,697,1088,12.760000000000003,1.0,15
0.00408517150208354,1.6952262740232982e-06,0.008199700154364109,0.0016373636899515986,0.053515054285526276,9.313225746154785e-10,698,1088,12.760000000000003,1.0,15
0.004316431470215321,1.0443960718475864e-06,0.008663775399327278,0.0016500474885106087,0.15394742786884308,3.287020933218088e-10,699,1088,12.760000000000003,1.0,15
0.004356012679636478,9.93995058706787e-07,0.008742548525333405,0.0016255846712738276,0.08936658501625061,0.0,700,1088,12.760000000000003,1.0,15
0.004090083763003349,1.699389827081177e-06,0.008210676722228527,0.0016953892773017287,0.04329786077141762,5.4783681063819145e-11,701,1088,12.760000000000003,1.0,15
2.1778666973114014,-2.252003650937695e-05,4.355811595916748,0.0016666253795847297,3.2642085552215576,5.243894065642962e-07,702,1088,12.010000000000003,0.9375,15
1.0744764804840088,-0.0003813014191109687,2.1497480869293213,0.0016157589852809906,0.5286008715629578,1.287964323637425e-06,703,1088,12.385000000000003,0.96875,15
0.04061686247587204,3.343053685966879e-05,0.08120359480381012,0.0018366959411650896,1.842571496963501,1.2485200784340122e-07,704,1088,12.760000000000003,1.0,15
0.025778349488973618,3.77236028725747e-05,0.05152001976966858,0.0019384762272238731,1.3850668668746948,1.5377779050140816e-07,705,1088,12.760000000000003,1.0,15
0.006396254524588585,4.73272375529632e-05,0.012739758938550949,0.0020951770711690187,0.4018329679965973,2.5786678747863334e-07,706,1088,12.760000000000003,1.0,15
0.008043286390602589,2.1980089513817802e-05,0.016087956726551056,0.0022672160994261503,0.5999091863632202,2.503066411918553e-07,707,1088,12.760000000000003,1.0,15
2.2505946159362793,-0.0007623714627698064,4.502758026123047,0.0021895833779126406,4.149935245513916,5.182700533623574e-06,708,1088,12.010000000000003,0.9375,15
0.004535673186182976,1.324143522651866e-05,0.009090528823435307,0.002283269539475441,0.1830318570137024,2.4247256646958704e-07,709,1088,12.760000000000003,1.0,15
0.004264491144567728,-6.815528195147635e-06,0.008574359118938446,0.0015873094089329243,0.2948193848133087,3.549982352524239e-08,710,1088,12.760000000000003,1.0,15
0.0033871151972562075,-4.3499339881236665e-06,0.006824268028140068,0.0020668860524892807,0.025446079671382904,3.834857764672961e-09,711,1088,12.760000000000003,1.0,15
0.003344956086948514,-3.0184712613845477e-06,0.006731890607625246,0.0017970773624256253,0.17596176266670227,8.765388970211063e-10,712,1088,12.760000000000003,1.0,15
2.187183380126953,-0.0015164859360083938,4.377430438995361,0.001535431481897831,3.4766640663146973,2.1929414288024418e-05,713,1088,12.010000000000003,0.9375,15
0.006572492886334658,-3.4230157325509936e-05,0.01324712298810482,0.0016838533338159323,0.5423018336296082,4.859312596749987e-08,714,1088,12.760000000000003,1.0,15
1.0842466354370117,-0.0014725520741194487,2.1714701652526855,0.0015806873561814427,1.2338290214538574,2.1863510482944548e-05,715,1088,12.385000000000003,0.96875,15
1.0769307613372803,0.0007228080066852272,2.1524441242218018,0.0014052878832444549,0.5377168655395508,4.187993454252137e-06,716,1088,12.385000000000003,0.96875,15
1.0721628665924072,-0.0010506212711334229,2.146456003189087,0.0014580339193344116,0.4352401793003082,1.0451356502017006e-05,717,1088,12.385000000000003,0.96875,15
0.05140421539545059,-2.7665759262163192e-05,0.102889284491539,0.0012763561680912971,2.1343133449554443,4.596350677843475e-08,718,1088,12.760000000000003,1.0,15
0.023260774090886116,-2.0686318293883232e-06,0.046551138162612915,0.001272481051273644,1.3579163551330566,5.478368314548732e-10,719,1088,12.760000000000003,1.0,15
1.0715727806091309,-0.0014507630839943886,2.146078109741211,0.0015501673333346844,0.9408014416694641,6.144904909888282e-05,720,1088,12.385000000000003,0.96875,15
0.010234725661575794,2.90642765321536e-05,0.02045268937945366,0.0020684152841567993,0.7887241840362549,5.485489964485168e-07,721,1088,12.760000000000003,1.0,15
0.004568624310195446,8.388477112930559e-07,0.009177112020552158,0.002077051205560565,0.08152727037668228,1.269337843723406e-07,722,1088,12.760000000000003,1.0,15
0.006370052229613066,-2.3110824258765206e-05,0.012822276912629604,0.001797532313503325,0.4254463016986847,1.3958882050246757e-07,723,1088,12.760000000000003,1.0,15
1.1024799346923828,-0.0012171355774626136,2.2074649333953857,0.0035373358987271786,1.934637188911438,1.9534491002559662e-05,724,1088,12.385000000000003,0.96875,15
2.175633430480957,0.003880539443343878,4.3436174392700195,0.0055726696737110615,3.007368326187134,0.00010640656546456739,725,1088,12.010000000000003,0.9375,15
2.1135542392730713,-0.0012789753964170814,4.229753494262695,0.004368153400719166,1.8401896953582764,1.5543117115157656e-05,726,1088,12.010000000000003,0.9375,15
1.08543062210083,-0.001661160378716886,2.174248456954956,0.0032423611264675856,0.8433673977851868,0.0002119511045748368,727,1088,12.385000000000003,0.96875,15
0.06648585200309753,-0.00014617119450122118,0.13330651819705963,0.0021234627347439528,2.392695665359497,7.708063662903442e-07,728,1088,12.760000000000003,1.0,15
1.072706699371338,-0.0014788192929700017,2.1484081745147705,0.001860655378550291,0.31792837381362915,7.028089021332562e-05,729,1088,12.385000000000003,0.96875,15
0.012579402886331081,1.1539634670043597e-06,0.025190262123942375,0.001688251388259232,0.9435156583786011,2.0560315761031234e-07,730,1088,12.760000000000003,1.0,15
0.0053077456541359425,2.1586523871519603e-05,0.010606893338263035,0.0017287664813920856,0.13286437094211578,5.571500238943372e-08,731,1088,12.760000000000003,1.0,15
0.009827119298279285,1.7307260122834123e-06,0.01968102529644966,0.001512410817667842,0.5668978691101074,5.861853669131278e-09,732,1088,12.760000000000003,1.0,15
0.005585649516433477,-3.5178793496015714e-06,0.011214165017008781,0.001791483024135232,0.22751487791538239,2.103693397259576e-08,733,1088,12.760000000000003,1.0,15
0.004099545534700155,8.308712494908832e-06,0.008222228847444057,0.001987754600122571,0.24141442775726318,2.8597082035730637e-08,734,1088,12.760000000000003,1.0,15
2.1640710830688477,0.0004983404069207609,4.327184677124023,0.001964898779988289,2.9742448329925537,2.879485009543714e-06,735,1088,12.010000000000003,0.9375,15
0.016915956512093544,-1.2196600437164307e-05,0.03389174863696098,0.0017721593612805009,1.0725332498550415,8.874955881310598e-09,736,1088,12.760000000000003,1.0,15
0.006249357480555773,-2.0562069039442576e-05,0.012576340697705746,0.001825079321861267,0.41035038232803345,1.3915054886126654e-08,737,1088,12.760000000000003,1.0,15
1.104407548904419,-0.0012978104641661048,2.2114405632019043,0.0014915402280166745,1.7807825803756714,1.6311785657308064e-05,738,1088,12.385000000000003,0.96875,15
0.00292576034553349,-2.227855111414101e-05,0.00592278316617012,0.001335257780738175,0.1526021659374237,3.615722832250867e-08,739,1088,12.760000000000003,1.0,15
0.0028301470447331667,-1.985667404369451e-05,0.005726703442633152,0.0013347930507734418,0.05687646567821503,1.4682026261425563e-08,740,1088,12.760000000000003,1.0,15
0.0027691773138940334,-7.256427124957554e-06,0.005577506497502327,0.001231943373568356,0.08948157727718353,4.108775986111368e-09,741,1088,12.760000000000003,1.0,15
0.002487036632373929,-4.962798811902758e-06,0.005008476786315441,0.0012238953495398164,0.02317303605377674,2.4652655472579e-09,742,1088,12.760000000000003,1.0,15
1.0932587385177612,-0.00019028782844543457,2.186922073364258,0.0012068706564605236,1.5316061973571777,3.108973771759338e-07,743,1088,12.385000000000003,0.96875,15
0.006711644120514393,7.160007953643799e-06,0.0134333036839962,0.0012167854001745582,0.6164481043815613,5.204449760043417e-09,744,1088,12.760000000000003,1.0,15
1.0833815336227417,-0.0010918133193627,2.16896915435791,0.0011175869731232524,1.219592809677124,1.129255997511791e-05,745,1088,12.385000000000003,0.96875,15
0.008257798850536346,3.8524540286744013e-05,0.01646907813847065,0.0015264638932421803,0.7251465320587158,4.755223415031651e-08,746,1088,12.760000000000003,1.0,15
0.002791412640362978,2.0453597244340926e-05,0.005568751599639654,0.0013416752917692065,0.04284500703215599,4.158081523542023e-08,747,1088,12.760000000000003,1.0,15
2.220512628555298,-0.00013802331523038447,4.441333770751953,0.0016214428469538689,3.8555848598480225,4.124882252654061e-06,748,1088,12.010000000000003,0.9375,15
0.0028693946078419685,-1.388437567584333e-06,0.005772084463387728,0.0015259224455803633,0.16921141743659973,0.0,749,1088,12.760000000000003,1.0,15
0.002495212247595191,-4.281892415747279e-06,0.005032623652368784,0.0016817612340673804,0.10633028298616409,1.7530777940422126e-09,750,1088,12.760000000000003,1.0,15
0.0022254723589867353,-4.323966550145997e-06,0.004487310070544481,0.0013858753954991698,0.01996876299381256,1.314808373287235e-09,751,1088,12.760000000000003,1.0,15
0.0022020216565579176,-5.174209036340471e-06,0.0044418154284358025,0.0013711797073483467,0.0722324550151825,1.6435104388534683e-09,752,1088,12.760000000000003,1.0,15
0.0021578692831099033,-6.888280950079206e-06,0.004360361956059933,0.0015423466684296727,0.028650905936956406,2.081779859608446e-09,753,1088,12.760000000000003,1.0,15
1.0923813581466675,-0.0011291223345324397,2.187045097351074,0.0012071760138496757,1.434945821762085,1.2114424862375017e-05,754,1088,12.385000000000003,0.96875,15
0.007653296925127506,-3.5588411265052855e-05,0.015399938449263573,0.0011083722347393632,0.6897056102752686,3.314412566624014e-08,755,1088,12.760000000000003,1.0,15
0.0024735049810260534,-1.1921148143301252e-05,0.004992383997887373,0.001076595624908805,0.05176357552409172,3.834857764672961e-09,756,1088,12.760000000000003,1.0,15
0.003632314270362258,-3.4456743378541432e-06,0.007292220834642649,0.0010350594529882073,0.37261930108070374,2.4104820361969814e-09,757,1088,12.760000000000003,1.0,15
0.00245103077031672,-4.320131665735971e-06,0.00493189413100481,0.001059620175510645,0.13394056260585785,1.2600246401817117e-09,758,1088,12.760000000000003,1.0,15
1.0887970924377441,-0.0011728545650839806,2.179960250854492,0.0010099571663886309,1.3869903087615967,1.3159861737221945e-05,759,1088,12.385000000000003,0.96875,15
0.009758942760527134,-2.3524989956058562e-05,0.019583769142627716,0.0009416442480869591,0.8564469814300537,1.4846377460742133e-08,760,1088,12.760000000000003,1.0,15
0.003086257493123412,-3.4189399684692034e-06,0.006198449060320854,0.000954823917709291,0.23984107375144958,3.232237144601413e-09,761,1088,12.760000000000003,1.0,15
0.003544806269928813,8.397242368118896e-07,0.007107899058610201,0.0009982999181374907,0.3729417026042938,4.547045406866346e-09,762,1088,12.760000000000003,1.0,15
1.1116156578063965,-0.001475824974477291,2.2262048721313477,0.0010927142575383186,2.038790225982666,2.5437104341108352e-05,763,1088,12.385000000000003,0.96875,15
0.0029734247364103794,5.9188287195866e-06,0.005954836495220661,0.0009912404930219054,0.3187788426876068,3.232237144601413e-09,764,1088,12.760000000000003,1.0,15
0.0023152194917201996,3.0624626106146025e-06,0.004645244218409061,0.0010464951628819108,0.1761331707239151,1.0956736629097463e-09,765,1088,12.760000000000003,1.0,15
1.0931527614593506,-0.000731175416149199,2.1877880096435547,0.0010064593516290188,1.5336939096450806,4.8944289119390305e-06,766,1088,12.385000000000003,0.96875,15
0.0045927781611680984,-9.823809705267195e-06,0.00922489631921053,0.0009846565080806613,0.5011493563652039,7.669715529345922e-09,767,1088,12.760000000000003,1.0,15
0.002101131249219179,-3.9378510336973704e-06,0.004228703677654266,0.0009282646351493895,0.06378626823425293,0.0,768,1088,12.760000000000003,1.0,15
0.0026952975895255804,-1.499538939242484e-06,0.005414369981735945,0.0010387927759438753,0.2861184775829315,5.4783681063819145e-11,769,1088,12.760000000000003,1.0,15
0.0019012386910617352,-3.0650373901153216e-06,0.003830947447568178,0.0011170038487762213,0.08655991405248642,1.369591995370456e-09,770,1088,12.760000000000003,1.0,15
0.001872640335932374,-2.229038500445313e-06,0.0037733525969088078,0.001180695602670312,0.11998924612998962,2.1913473258194927e-09,771,1088,12.760000000000003,1.0,15
0.00196278328076005,-1.3674006993369403e-07,0.003945616073906422,0.0009888162603601813,0.09776701033115387,7.121878642379897e-10,772,1088,12.760000000000003,1.0,15
0.00172190903685987,6.678678801108617e-07,0.0034665230195969343,0.00120203394908458,0.03898338973522186,0.0,773,1088,12.760000000000003,1.0,15
0.0017218581633642316,5.184727456253313e-07,0.0034641483798623085,0.001073456835001707,0.06391070783138275,0.0,774,1088,12.760000000000003,1.0,15
1.0920028686523438,-0.000516190251801163,2.185059070587158,0.0010433584684506059,1.5809983015060425,2.364354031669791e-06,775,1088,12.385000000000003,0.96875,15
0.005380366928875446,3.6222970720700687e-06,0.010774216614663601,0.0010363961337134242,0.5943183898925781,9.751495610998973e-09,776,1088,12.760000000000003,1.0,15
0.001820103614591062,6.803037649660837e-06,0.003647253615781665,0.0010326267220079899,0.02032671682536602,1.051846698629788e-08,777,1088,12.760000000000003,1.0,15
0.0026821636129170656,5.019061518396484e-06,0.0053752269595861435,0.001046899240463972,0.3022586703300476,3.944425230884008e-09,778,1088,12.760000000000003,1.0,15
0.0018802846316248178,1.1374187351975706e-06,0.0037792781367897987,0.0010491808643564582,0.12037122249603271,0.0,779,1088,12.760000000000003,1.0,15
0.0017034603515639901,-7.47249373489467e-08,0.0034278077073395252,0.0010368770454078913,0.11698908358812332,0.0,780,1088,12.760000000000003,1.0,15
0.0016893408028408885,3.580661314117606e-07,0.0033989697694778442,0.0010502190561965108,0.11448747664690018,0.0,781,1088,12.760000000000003,1.0,15
1.090588092803955,-0.0011593523668125272,2.1835145950317383,0.0009930916130542755,1.4476195573806763,1.2806342965632211e-05,782,1088,12.385000000000003,0.96875,15
0.006014305166900158,-8.502536729793064e-06,0.012066282331943512,0.0010333277750760317,0.6341240406036377,8.546254370855877e-09,783,1088,12.760000000000003,1.0,15
0.0018253078451380134,-3.274091795901768e-06,0.00367714068852365,0.000998843228444457,0.03602749854326248,5.4783681063819145e-11,784,1088,12.760000000000003,1.0,15
0.002787863602861762,-2.8220169951964635e-06,0.005600461270660162,0.0009545204229652882,0.34339824318885803,3.287020933218088e-10,785,1088,12.760000000000003,1.0,15
0.0018766976427286863,-6.227808626135811e-06,0.00378459133207798,0.0009370226180180907,0.1282101571559906,1.314808373287235e-09,786,1088,12.760000000000003,1.0,15
0.0016982682282105088,-6.811145340179792e-06,0.0034297709353268147,0.00098061328753829,0.13163168728351593,2.0269961265029224e-09,787,1088,12.760000000000003,1.0,15
1.0888783931732178,-0.0001860103220678866,2.178149461746216,0.0010395158315077424,1.3611549139022827,2.9687276992262923e-07,788,1088,12.385000000000003,0.96875,15
0.00846713874489069,1.0774635484267492e-05,0.016930900514125824,0.0009086310747079551,0.800398051738739,6.464474289202826e-09,789,1088,12.760000000000003,1.0,15
1.0788569450378418,-0.0012549161911010742,2.1602439880371094,0.0010091414442285895,1.0574055910110474,1.5135196917981375e-05,790,1088,12.385000000000003,0.96875,15
0.0104996832087636,3.0127517675282434e-05,0.020960604771971703,0.00107464415486902,0.909105122089386,3.5883310545159475e-08,791,1088,12.760000000000003,1.0,15
0.002215242013335228,2.0432999008335173e-05,0.004412283655256033,0.001133273239247501,0.16105999052524567,3.43493695709185e-08,792,1088,12.760000000000003,1.0,15
0.0037951860576868057,2.236050704595982e-06,0.007608622312545776,0.0011361317010596395,0.4320043921470642,1.3915054886126654e-08,793,1088,12.760000000000003,1.0,15
1.116817831993103,-0.00048681042972020805,2.234632968902588,0.0011774736922234297,2.0052945613861084,2.092462636937853e-06,794,1088,12.385000000000003,0.96875,15
0.0027250179555267096,3.155539900490112e-07,0.00547065120190382,0.0010623171692714095,0.3317013084888458,1.6654238876867566e-08,795,1088,12.760000000000003,1.0,15
0.0019306341418996453,-7.045619440759765e-06,0.0038958326913416386,0.0010236632078886032,0.19820451736450195,3.5061555880844253e-09,796,1088,12.760000000000003,1.0,15
0.0015183081850409508,-2.9320226531126536e-06,0.0030616652220487595,0.0009592368151061237,0.07652723044157028,0.0,797,1088,12.760000000000003,1.0,15
1.0981848239898682,-0.0012566096847876906,2.198902130126953,0.0009606864186935127,1.6845015287399292,1.5142482880037278e-05,798,1088,12.385000000000003,0.96875,15
0.003831943031400442,-2.0292312910896726e-05,0.007721630856394768,0.0008579930872656405,0.46912163496017456,1.1997626003790174e-08,799,1088,12.760000000000003,1.0,15
0.001552973291836679,-4.519982212514151e-06,0.0031325866002589464,0.000880007166415453,0.026785846799612045,2.7939677238464355e-09,800,1088,12.760000000000003,1.0,15
