loss,policy_loss,value_loss,entropy,gradient_norm,approx_kl,update,timesteps,reward,success,dependency
24.003999710083008,-0.0006646960973739624,48.01105880737305,0.08660602569580078,7.844242095947266,3.830902278423309e-05,1,256,5.720000000000001,0.5,2
32.377933502197266,0.000223454087972641,64.75714874267578,0.08653367310762405,13.47649097442627,4.574889317154884e-06,2,256,8.345,0.71875,2
19.419511795043945,-0.0001765899360179901,38.84110641479492,0.08648035675287247,7.390782833099365,6.431480869650841e-06,3,256,4.970000000000001,0.4375,2
17.37421226501465,-0.002064615488052368,34.7542724609375,0.08596344292163849,6.641354084014893,0.00012655113823711872,4,256,4.595000000000001,0.40625,2
20.426942825317383,0.0007330775260925293,40.85411071777344,0.08452624827623367,11.37868595123291,0.00019354233518242836,5,256,6.095000000000001,0.53125,2
19.01651954650879,-0.000523887574672699,38.035736083984375,0.08247844129800797,11.344076156616211,0.00021781842224299908,6,256,6.095000000000001,0.53125,2
15.277456283569336,0.0003467760980129242,30.55582618713379,0.08035105466842651,3.917006254196167,8.743372745811939e-05,7,256,4.595000000000001,0.40625,2
17.3394832611084,-0.00015317648649215698,34.680885314941406,0.08062117546796799,10.605701446533203,6.9427769631147385e-06,8,256,6.470000000000001,0.5625,2
15.690964698791504,-0.0005080662667751312,31.384605407714844,0.08299557119607925,4.538299560546875,0.0002073243958875537,9,256,5.720000000000001,0.5,2
15.472648620605469,-0.0072295814752578735,30.961483001708984,0.08628246933221817,1.6111787557601929,0.001145463204011321,10,256,5.720000000000001,0.5,2
15.429052352905273,0.00045699626207351685,30.85890769958496,0.08582738041877747,1.5777305364608765,0.001079302979633212,11,256,5.720000000000001,0.5,2
16.058870315551758,-0.0008260086178779602,32.12105941772461,0.08339934796094894,11.85251235961914,0.0004601870896294713,12,256,4.220000000000001,0.375,2
15.521920204162598,-0.002050235867500305,31.049537658691406,0.0798158273100853,2.299757719039917,0.0004580956883728504,13,256,5.720000000000001,0.5,2
15.552371978759766,-0.0004644468426704407,31.10715675354004,0.07415173947811127,5.703334808349609,0.00031619868241250515,14,256,4.970000000000001,0.4375,2
15.316178321838379,-0.004155058413743973,30.642009735107422,0.06711076200008392,2.3158822059631348,0.0009029599605128169,15,256,6.095000000000001,0.53125,2
15.22358226776123,-0.0007875263690948486,30.449886322021484,0.057346079498529434,8.801137924194336,0.0006779793184250593,16,256,7.220000000000001,0.625,2
15.280621528625488,0.0004482381045818329,30.56135368347168,0.050376057624816895,0.9922190308570862,0.0002181604504585266,17,256,6.095000000000001,0.53125,2
15.688541412353516,0.0004568658769130707,31.377140045166016,0.048543255776166916,9.136495590209961,9.234528988599777e-06,18,256,4.595000000000001,0.40625,2
14.942127227783203,-9.551644325256348e-05,29.885435104370117,0.049458712339401245,4.666168212890625,2.3902393877506256e-06,19,256,6.845000000000001,0.59375,2
15.86176586151123,-4.6953558921813965e-05,31.724613189697266,0.049394723027944565,9.768778800964355,2.2191088646650314e-06,20,256,4.595000000000001,0.40625,2
15.25118637084961,-0.0011087171733379364,30.505706787109375,0.0558144636452198,0.5101407170295715,0.000106489984318614,21,256,6.095000000000001,0.53125,2
15.264915466308594,-0.0025284960865974426,30.53624725341797,0.06800561398267746,1.2172805070877075,0.0013041861820966005,22,256,5.720000000000001,0.5,2
15.23584270477295,0.0029383935034275055,30.46731948852539,0.07552266120910645,4.025200843811035,0.0005629160441458225,23,256,4.970000000000001,0.4375,2
15.445554733276367,0.0012022033333778381,30.890277862548828,0.07867614924907684,6.156440258026123,7.629406172782183e-05,24,256,6.470000000000001,0.5625,2
15.300020217895508,-0.00020869076251983643,30.60203742980957,0.0789872407913208,6.0084967613220215,3.837747499346733e-06,25,256,6.470000000000001,0.5625,2
15.115715980529785,-0.0012632980942726135,30.235502243041992,0.07714679837226868,1.040237545967102,0.0001109853619709611,26,256,5.345000000000001,0.46875,2
15.306561470031738,0.0004582032561302185,30.613664627075195,0.072870172560215,5.8874006271362305,0.0002252412959933281,27,256,6.470000000000001,0.5625,2
15.054729461669922,-0.0008188206702470779,30.11248779296875,0.06954577565193176,2.91190767288208,9.316310752183199e-05,28,256,4.970000000000001,0.4375,2
14.867851257324219,-0.0001059267669916153,29.737279891967773,0.06828546524047852,1.5772439241409302,1.109275035560131e-05,29,256,4.970000000000001,0.4375,2
15.479453086853027,-0.0006198734045028687,30.961484909057617,0.06692556291818619,5.697459697723389,3.846036270260811e-05,30,256,6.095000000000001,0.53125,2
16.03708267211914,-0.0018030554056167603,32.07902526855469,0.06276367604732513,13.483315467834473,0.00016372185200452805,31,256,7.595000000000001,0.65625,2
14.937689781188965,-0.0013823509216308594,29.879310607910156,0.05830586329102516,1.6694190502166748,0.00014443439431488514,32,256,4.970000000000001,0.4375,2
15.8101167678833,0.0004081055521965027,31.620468139648438,0.0525573305785656,10.865178108215332,0.0001199191901832819,33,256,7.220000000000001,0.625,2
14.540576934814453,-0.0002334900200366974,29.082637786865234,0.05078522115945816,6.072042465209961,1.4415476471185684e-05,34,256,4.220000000000001,0.375,2
14.90275764465332,-0.0004197359085083008,29.8073787689209,0.05125150829553604,1.04603910446167,2.8769951313734055e-05,35,256,4.970000000000001,0.4375,2
14.331722259521484,0.0021235421299934387,28.660320281982422,0.05616931989789009,3.200645923614502,0.0002701766788959503,36,256,4.220000000000001,0.375,2
15.235331535339355,0.0006398744881153107,30.470569610595703,0.059340767562389374,4.377580642700195,5.6058866903185844e-05,37,256,5.345000000000001,0.46875,2
16.084985733032227,0.0011769793927669525,32.16880416870117,0.05923967808485031,7.897674560546875,3.759143874049187e-05,38,256,6.095000000000001,0.53125,2
16.14751434326172,-0.0028417445719242096,32.301780700683594,0.053326886147260666,8.598304748535156,0.00023451680317521095,39,256,6.470000000000001,0.5625,2
15.736089706420898,-0.000638522207736969,31.474340438842773,0.04413829371333122,13.04509162902832,0.0002069778274744749,40,256,7.595000000000001,0.65625,2
15.240336418151855,-0.0014146249741315842,30.484243392944336,0.03709842264652252,4.411350250244141,0.00030474341474473476,41,256,6.470000000000001,0.5625,2
14.853824615478516,0.0017566177994012833,29.70473289489746,0.029809048399329185,1.8406033515930176,0.0002686772495508194,42,256,6.470000000000001,0.5625,2
16.19485855102539,8.22804868221283e-05,32.39013671875,0.029274245724081993,11.815309524536133,4.372093826532364e-06,43,256,4.595000000000001,0.40625,2
17.341928482055664,-6.804615259170532e-05,34.68459701538086,0.03013550117611885,23.391429901123047,8.151866495609283e-06,44,256,2.7200000000000006,0.25,2
14.581710815429688,8.400529623031616e-05,29.16387367248535,0.030983151867985725,2.4836883544921875,3.4265685826539993e-06,45,256,6.845000000000001,0.59375,2
16.44905662536621,-0.00014010071754455566,32.899024963378906,0.03166442736983299,15.981954574584961,1.0175630450248718e-05,46,256,3.8450000000000006,0.34375,2
15.176214218139648,0.00039293430745601654,30.352310180664062,0.03337514400482178,3.072840690612793,1.6943784430623055e-05,47,256,5.720000000000001,0.5,2
14.94113826751709,-5.051121115684509e-05,29.883121490478516,0.03720122203230858,1.5612068176269531,6.041047163307667e-05,48,256,6.095000000000001,0.53125,2
14.820842742919922,0.000697694718837738,29.641162872314453,0.04363439977169037,5.757311820983887,0.00022313999943435192,49,256,4.595000000000001,0.40625,2
15.305265426635742,-0.0018548425287008286,30.615175247192383,0.04670576751232147,6.064242839813232,0.0002197246067225933,50,256,6.470000000000001,0.5625,2
15.010870933532715,-0.0016333479434251785,30.025978088378906,0.04842237010598183,0.9572634100914001,5.8995792642235756e-05,51,256,5.345000000000001,0.46875,2
15.114190101623535,-0.0010475479066371918,30.23127555847168,0.04001462459564209,4.582986831665039,0.00028837774880230427,52,256,6.095000000000001,0.53125,2
15.136082649230957,0.0018874146044254303,30.26900291442871,0.03058675117790699,5.128617286682129,0.0005588424392044544,53,256,6.470000000000001,0.5625,2
14.29354476928711,-8.568912744522095e-05,28.587730407714844,0.023487593978643417,9.511189460754395,0.00032173539511859417,54,256,7.595000000000001,0.65625,2
14.848593711853027,0.0009855572134256363,29.695568084716797,0.017542138695716858,0.9366977214813232,0.0001432616263628006,55,256,6.470000000000001,0.5625,2
16.205501556396484,-3.354810178279877e-05,32.41139221191406,0.016051586717367172,12.552815437316895,8.498318493366241e-07,56,256,4.595000000000001,0.40625,2
15.799260139465332,-1.936778426170349e-05,31.598880767822266,0.0161152221262455,10.078417778015137,7.147900760173798e-08,57,256,4.970000000000001,0.4375,2
15.727112770080566,0.0004607290029525757,31.453659057617188,0.017760558053851128,10.57331371307373,2.8321752324700356e-05,58,256,4.595000000000001,0.40625,2
14.807490348815918,-0.0010834932327270508,29.617570877075195,0.02115417644381523,2.4109649658203125,6.981450133025646e-05,59,256,6.470000000000001,0.5625,2
14.832531929016113,0.0001292973756790161,29.665292739868164,0.02436716854572296,3.5677778720855713,0.00013999850489199162,60,256,5.345000000000001,0.46875,2
14.599888801574707,-0.0011931061744689941,29.202774047851562,0.03051896020770073,5.261624813079834,0.0004685784224420786,61,256,4.595000000000001,0.40625,2
14.545031547546387,-2.136826515197754e-05,29.090930938720703,0.041326750069856644,2.183332920074463,5.044601857662201e-05,62,256,5.345000000000001,0.46875,2
13.389074325561523,0.0024198442697525024,26.77430534362793,0.04982592910528183,6.136231899261475,0.0007297347765415907,63,256,3.47,0.3125,2
16.350749969482422,0.0024412963539361954,32.697776794433594,0.05800962448120117,10.92225170135498,0.00022543873637914658,64,256,6.470000000000001,0.5625,2
15.58038330078125,0.0019329935312271118,31.157976150512695,0.05381779745221138,7.024886131286621,0.0001441126223653555,65,256,5.720000000000001,0.5,2
15.080474853515625,0.001113802194595337,30.159624099731445,0.04512423649430275,4.828183174133301,0.00047172652557492256,66,256,5.720000000000001,0.5,2
15.07303237915039,0.0010209381580352783,30.14475440979004,0.036658577620983124,3.974295139312744,0.0006768822204321623,67,256,6.095000000000001,0.53125,2
14.330863952636719,-0.0009536296129226685,28.6641902923584,0.02777143195271492,7.057312965393066,0.00047946907579898834,68,256,7.220000000000001,0.625,2
14.153609275817871,-0.0011065378785133362,28.30986213684082,0.021512744948267937,1.8314461708068848,0.000102578429505229,69,256,6.845000000000001,0.59375,2
16.375926971435547,4.372745752334595e-05,32.75214767456055,0.019168471917510033,14.068357467651367,1.1399388313293457e-06,70,256,4.595000000000001,0.40625,2
13.368013381958008,-1.2714415788650513e-05,26.736412048339844,0.01800074800848961,3.538891315460205,2.2258609533309937e-07,71,256,7.595000000000001,0.65625,2
15.58397388458252,-0.0004614293575286865,31.169218063354492,0.017396530136466026,9.094030380249023,7.347902283072472e-06,72,256,5.720000000000001,0.5,2
16.201486587524414,2.012774348258972e-05,32.403289794921875,0.017885372042655945,12.361265182495117,9.383773431181908e-06,73,256,4.970000000000001,0.4375,2
14.167320251464844,-7.121637463569641e-05,28.335187911987305,0.020235419273376465,1.6399112939834595,1.9827857613563538e-06,74,256,6.470000000000001,0.5625,2
14.964095115661621,0.0012635663151741028,29.926191329956055,0.02638966776430607,6.568471431732178,0.0001667100004851818,75,256,4.970000000000001,0.4375,2
14.580748558044434,0.0011525452136993408,29.15984535217285,0.03268007934093475,9.058566093444824,6.891181692481041e-05,76,256,7.220000000000001,0.625,2
14.41690444946289,-0.00010421872138977051,28.834741592407227,0.03621209040284157,2.4167535305023193,8.720159530639648e-05,77,256,4.970000000000001,0.4375,2
15.009531021118164,9.959004819393158e-05,30.019695281982422,0.041567396372556686,3.392239809036255,0.00015146378427743912,78,256,5.720000000000001,0.5,2
15.030630111694336,-0.0005437098443508148,30.063129425048828,0.039127591997385025,8.683110237121582,7.079495117068291e-05,79,256,6.845000000000001,0.59375,2
14.422205924987793,0.0008075237274169922,28.843446731567383,0.032510366290807724,4.5767822265625,0.0001281567383557558,80,256,6.470000000000001,0.5625,2
14.324156761169434,-0.000366944819688797,28.649559020996094,0.02551564946770668,1.696871042251587,0.0004027544055134058,81,256,6.470000000000001,0.5625,2
15.04997730255127,0.00044610723853111267,30.099533081054688,0.023587126284837723,6.85429573059082,5.051097832620144e-05,82,256,5.345000000000001,0.46875,2
14.886748313903809,-5.046091973781586e-05,29.774126052856445,0.026425570249557495,8.037087440490723,2.743210643529892e-06,83,256,4.970000000000001,0.4375,2
14.68328857421875,-1.7434358596801758e-05,29.36724853515625,0.03184748440980911,3.667860269546509,0.00019859219901263714,84,256,5.345000000000001,0.46875,2
14.645846366882324,0.0044385939836502075,29.283628463745117,0.04058443382382393,2.6887497901916504,0.0009024357423186302,85,256,4.970000000000001,0.4375,2
14.025982856750488,-0.004142630845308304,28.06134796142578,0.05483239144086838,2.108893871307373,0.0013570080045610666,86,256,4.220000000000001,0.375,2
17.49793815612793,0.00379301980137825,34.989601135253906,0.06555993109941483,17.27739715576172,0.0003908236976712942,87,256,7.220000000000001,0.625,2
11.765727043151855,-0.0004132986068725586,23.533618927001953,0.06697230786085129,5.873974323272705,0.00020727189257740974,88,256,2.7200000000000006,0.25,2
15.824911117553711,0.0002948157489299774,31.650617599487305,0.06920558214187622,7.437607288360596,3.150955308228731e-05,89,256,4.970000000000001,0.4375,2
15.86667537689209,-0.0011574774980545044,31.73692512512207,0.06295157968997955,9.889994621276855,0.0004477401962503791,90,256,5.720000000000001,0.5,2
16.879764556884766,0.0012005455791950226,33.75812911987305,0.049950532615184784,14.757668495178223,0.001668803859502077,91,256,7.220000000000001,0.625,2
14.350184440612793,-0.0034544523805379868,28.7080020904541,0.03624898940324783,1.4435794353485107,0.0008644834160804749,92,256,5.345000000000001,0.46875,2
14.425416946411133,-0.001383863389492035,28.854103088378906,0.025075694546103477,5.946579456329346,0.000740960007533431,93,256,6.845000000000001,0.59375,2
14.770649909973145,-0.0007954128086566925,29.54328155517578,0.01958213746547699,5.163485527038574,0.00029200082644820213,94,256,5.345000000000001,0.46875,2
14.62170124053955,2.473592758178711e-06,29.24378776550293,0.01950938068330288,5.033760070800781,2.60770320892334e-08,95,256,5.345000000000001,0.46875,2
14.116450309753418,0.00011885911226272583,28.23307991027832,0.020887965336441994,4.892539978027344,4.893168807029724e-06,96,256,6.845000000000001,0.59375,2
14.20879077911377,-1.8596649169921875e-05,28.418039321899414,0.02112158201634884,1.3497793674468994,2.8475187718868256e-07,97,256,6.095000000000001,0.53125,2
14.510614395141602,-4.515796899795532e-05,29.021821975708008,0.025171499699354172,7.14166784286499,4.719942808151245e-06,98,256,4.595000000000001,0.40625,2
14.331709861755371,0.001675136387348175,28.660724639892578,0.03281942754983902,4.616303443908691,0.0005829022265970707,99,256,4.595000000000001,0.40625,2
13.912985801696777,0.0038454867899417877,27.81915855407715,0.04382218047976494,1.5643315315246582,0.0008205794729292393,100,256,4.595000000000001,0.40625,2
15.543662071228027,0.0011932998895645142,31.086002349853516,0.05323943495750427,8.587239265441895,0.0002415867056697607,101,256,5.720000000000001,0.5,2
16.533193588256836,0.0004696659743785858,33.06642532348633,0.04880651459097862,14.098332405090332,0.0001358997542411089,102,256,6.845000000000001,0.59375,2
14.982612609863281,-0.0012965649366378784,29.96857452392578,0.037756096571683884,6.68637752532959,0.0008771300781518221,103,256,6.095000000000001,0.53125,2
14.421469688415527,0.0012857168912887573,28.84099578857422,0.0313882902264595,2.0083227157592773,0.0003625869285315275,104,256,4.970000000000001,0.4375,2
14.017470359802246,0.001043533906340599,28.033512115478516,0.0329454243183136,6.254477024078369,3.411551006138325e-05,105,256,4.220000000000001,0.375,2
14.513477325439453,-0.000354669988155365,29.028369903564453,0.03533083200454712,3.398954153060913,1.33514404296875e-05,106,256,5.720000000000001,0.5,2
14.190604209899902,0.00016322359442710876,28.381532669067383,0.0325649231672287,2.7664577960968018,6.103096529841423e-05,107,256,5.720000000000001,0.5,2
14.74897575378418,0.0021163038909435272,29.494293212890625,0.028746506199240685,4.6359333992004395,0.0001501066144555807,108,256,6.470000000000001,0.5625,2
13.944025039672852,-3.598630428314209e-05,27.888607025146484,0.024187806993722916,2.2888412475585938,3.773719072341919e-06,109,256,6.095000000000001,0.53125,2
15.66946029663086,0.00029008835554122925,31.338878631591797,0.026857994496822357,17.00665855407715,5.697133019566536e-06,110,256,3.4700000000000006,0.3125,2
14.225529670715332,0.0009447820484638214,28.449796676635742,0.03133683651685715,1.7811859846115112,0.0001089656725525856,111,256,5.720000000000001,0.5,2
14.071934700012207,0.00017119385302066803,28.14432716369629,0.040021106600761414,6.356555461883545,0.00047955336049199104,112,256,4.220000000000001,0.375,2
13.663747787475586,0.0034164264798164368,27.3217830657959,0.055972568690776825,2.112269401550293,0.0007744089234620333,113,256,4.595000000000001,0.40625,2
16.27716064453125,0.0007494017481803894,32.55406188964844,0.06207423284649849,15.016925811767578,8.671625982969999e-05,114,256,6.470000000000001,0.5625,2
16.423856735229492,0.0017754584550857544,32.845252990722656,0.05464298278093338,13.74100112915039,0.0002649433445185423,115,256,6.470000000000001,0.5625,2
15.20879077911377,-0.0001956261694431305,30.418846130371094,0.04368098825216293,9.672019004821777,0.0007891946006566286,116,256,6.470000000000001,0.5625,2
14.230067253112793,0.003195764496922493,28.454387664794922,0.03224805369973183,3.5858852863311768,0.0005821813829243183,117,256,6.095000000000001,0.53125,2
14.894280433654785,-0.001200065016746521,29.791471481323242,0.025560876354575157,8.940754890441895,0.0002736593596637249,118,256,4.595000000000001,0.40625,2
13.5464448928833,8.132308721542358e-06,27.09333610534668,0.02315339259803295,2.863072156906128,8.190982043743134e-07,119,256,6.470000000000001,0.5625,2
13.5631103515625,0.0002717822790145874,27.126136779785156,0.023028580471873283,4.575350284576416,1.203920692205429e-05,120,256,7.220000000000001,0.625,2
14.974848747253418,0.0001530088484287262,29.949806213378906,0.02068556472659111,8.25153636932373,1.746462658047676e-06,121,256,5.345000000000001,0.46875,2
14.82614803314209,-0.000951787456870079,29.654674530029297,0.02379303239285946,7.206015110015869,6.124097853899002e-05,122,256,5.345000000000001,0.46875,2
13.877205848693848,-7.906928658485413e-05,27.75518035888672,0.030477670952677727,4.439688205718994,2.210051752626896e-05,123,256,5.345000000000001,0.46875,2
14.06306266784668,0.0010780394077301025,28.124658584594727,0.03442775085568428,9.902929306030273,8.69289506226778e-05,124,256,7.220000000000001,0.625,2
14.109759330749512,-0.00028067827224731445,28.22085952758789,0.03901135176420212,1.7301987409591675,4.755565896630287e-06,125,256,5.720000000000001,0.5,2
14.736331939697266,-0.0003309641033411026,29.47416114807129,0.041741181164979935,4.077949047088623,2.230703830718994e-05,126,256,4.970000000000001,0.4375,2
14.089630126953125,-0.00016874074935913086,28.180435180664062,0.041851505637168884,6.109091281890869,3.338092938065529e-06,127,256,6.470000000000001,0.5625,2
14.074142456054688,-0.0018531214445829391,28.152700424194336,0.035485055297613144,1.6204042434692383,0.00019036093726754189,128,256,6.095000000000001,0.53125,2
14.20943546295166,0.001422647386789322,28.41657829284668,0.02764078415930271,3.3218677043914795,0.0002766605466604233,129,256,6.845000000000001,0.59375,2
14.994622230529785,-0.0015865564346313477,29.99287223815918,0.02273978851735592,8.902502059936523,0.00014038034714758396,130,256,5.345000000000001,0.46875,2
13.538471221923828,-0.00023840367794036865,27.077852249145508,0.021642737090587616,1.5692685842514038,4.218891263008118e-06,131,256,6.845000000000001,0.59375,2
14.762015342712402,-4.149600863456726e-05,29.5245361328125,0.021087566390633583,7.924596309661865,6.570480763912201e-07,132,256,5.345000000000001,0.46875,2
14.160204887390137,-0.00018708407878875732,28.321306228637695,0.026096608489751816,2.0772054195404053,0.00020260806195437908,133,256,5.720000000000001,0.5,2
13.9765625,0.0002528876066207886,27.953216552734375,0.02988358587026596,12.182863235473633,0.0001072476152330637,134,256,7.595000000000001,0.65625,2
14.220749855041504,0.0001179128885269165,28.44183349609375,0.02856016904115677,4.747740268707275,3.167986869812012e-05,135,256,6.470000000000001,0.5625,2
14.030083656311035,0.0007479507476091385,28.05915069580078,0.023910462856292725,1.143170952796936,0.0002191129606217146,136,256,6.095000000000001,0.53125,2
13.706216812133789,0.00012501515448093414,27.41263198852539,0.022439591586589813,1.257111668586731,5.282927304506302e-06,137,256,6.470000000000001,0.5625,2
13.13628101348877,-0.0001476593315601349,26.273269653320312,0.020640023052692413,2.559936285018921,3.7332065403461456e-06,138,256,7.220000000000001,0.625,2
15.079419136047363,-2.3789703845977783e-05,30.159297943115234,0.020623933523893356,11.260063171386719,1.043081283569336e-07,139,256,5.345000000000001,0.46875,2
14.931944847106934,-0.002077333629131317,29.86852264404297,0.023974334821105003,11.166116714477539,0.00016903551295399666,140,256,4.970000000000001,0.4375,2
14.894843101501465,-0.0016559287905693054,29.79362678527832,0.03146621584892273,12.438214302062988,0.0002865279093384743,141,256,4.220000000000001,0.375,2
14.239683151245117,0.0002161748707294464,28.479740142822266,0.040337737649679184,6.521807670593262,2.6395078748464584e-05,142,256,6.470000000000001,0.5625,2
14.91210651397705,-0.000767190009355545,29.826515197753906,0.038422659039497375,7.935488700866699,0.00013073207810521126,143,256,6.845000000000001,0.59375,2
14.060164451599121,-0.000290602445602417,28.12156867980957,0.03289428725838661,6.264317035675049,7.76723027229309e-06,144,256,4.970000000000001,0.4375,2
13.667745590209961,-3.0137598514556885e-05,27.336200714111328,0.032428864389657974,5.985588073730469,1.8868595361709595e-06,145,256,6.845000000000001,0.59375,2
14.364026069641113,0.00015531480312347412,28.728382110595703,0.03203444927930832,6.4133734703063965,4.015397280454636e-06,146,256,4.970000000000001,0.4375,2
14.24773120880127,0.00017128139734268188,28.495765686035156,0.03232702985405922,11.422975540161133,6.36465847492218e-06,147,256,7.595000000000001,0.65625,2
14.563633918762207,-0.0011913087218999863,29.13023567199707,0.029269399121403694,3.0131282806396484,5.0037866458296776e-05,148,256,5.720000000000001,0.5,2
13.627543449401855,0.0016198642551898956,27.25236701965332,0.02604999952018261,9.480323791503906,0.00015588640235364437,149,256,7.595000000000001,0.65625,2
12.701715469360352,0.0006285235285758972,25.4025821685791,0.02040518820285797,8.602720260620117,0.00012013362720608711,150,256,7.970000000000001,0.6875,2
15.37494945526123,-0.0006152018904685974,30.7514705657959,0.017030272632837296,10.725479125976562,0.00010396051220595837,151,256,5.345000000000001,0.46875,2
15.248406410217285,0.0002668052911758423,30.49665069580078,0.018620526418089867,13.97256088256836,1.1017313227057457e-05,152,256,4.595000000000001,0.40625,2
12.777178764343262,0.00010927766561508179,25.554523468017578,0.019304823130369186,8.589465141296387,6.009824573993683e-06,153,256,7.970000000000001,0.6875,2
13.531866073608398,-2.5235116481781006e-05,27.064170837402344,0.01943771168589592,1.4419244527816772,1.494772732257843e-07,154,256,6.470000000000001,0.5625,2
13.66334056854248,0.0001964140683412552,27.326698303222656,0.020480960607528687,2.764680862426758,3.7730205804109573e-06,155,256,6.845000000000001,0.59375,2
13.650781631469727,3.0139461159706116e-05,27.301918029785156,0.0207511056214571,1.902911901473999,5.145557224750519e-07,156,256,6.470000000000001,0.5625,2
14.003397941589355,-0.0016948729753494263,28.010692596435547,0.025396253913640976,1.8690069913864136,0.0002747788093984127,157,256,6.095000000000001,0.53125,2
13.78740406036377,-1.535564661026001e-05,27.575485229492188,0.032320909202098846,2.0140604972839355,1.8697697669267654e-05,158,256,6.095000000000001,0.53125,2
13.77650260925293,0.0009773075580596924,27.55181121826172,0.038077373057603836,1.9667335748672485,8.25878232717514e-05,159,256,5.345000000000001,0.46875,2
14.654150009155273,0.0019381418824195862,29.30533218383789,0.04535345360636711,2.2616734504699707,0.0005223138723522425,160,256,4.970000000000001,0.4375,2
14.981853485107422,-0.00027246028184890747,29.965192794799805,0.04697754234075546,14.588882446289062,1.0035466402769089e-05,161,256,6.845000000000001,0.59375,2
14.657593727111816,-0.002682611346244812,29.32132911682129,0.03883470967411995,9.59720516204834,0.00027850433252751827,162,256,6.470000000000001,0.5625,2
14.211383819580078,-0.00020195916295051575,28.423799514770508,0.031330935657024384,8.431784629821777,0.00013941549696028233,163,256,4.220000000000001,0.375,2
13.698563575744629,-6.273016333580017e-05,27.39788818359375,0.031734008342027664,1.3584957122802734,5.939509719610214e-07,164,256,5.345000000000001,0.46875,2
14.147031784057617,-0.0002198740839958191,28.295116424560547,0.030653465539216995,9.08039379119873,2.0142877474427223e-05,165,256,6.845000000000001,0.59375,2
14.066186904907227,0.00021323375403881073,28.132537841796875,0.029604118317365646,6.741288185119629,4.3211039155721664e-06,166,256,4.595000000000001,0.40625,2
14.416936874389648,-0.00027982331812381744,28.835041046142578,0.030388403683900833,1.6030088663101196,5.008187144994736e-06,167,256,5.720000000000001,0.5,2
13.671892166137695,0.00023335404694080353,27.343923568725586,0.030303364619612694,6.486286163330078,7.606577128171921e-06,168,256,4.595000000000001,0.40625,2
13.931222915649414,-6.77257776260376e-05,27.86321449279785,0.03170514106750488,4.802148342132568,5.275942385196686e-07,169,256,6.095000000000001,0.53125,2
14.357318878173828,-0.0006404295563697815,28.716463088989258,0.027211066335439682,6.7765045166015625,0.00029908097349107265,170,256,6.845000000000001,0.59375,2
13.533924102783203,0.0019179806113243103,27.064409255981445,0.019836673513054848,2.775620937347412,0.00033873599022626877,171,256,6.845000000000001,0.59375,2
16.44613265991211,0.0009549222886562347,32.890716552734375,0.01810063235461712,20.468637466430664,4.6764733269810677e-05,172,256,3.8450000000000006,0.34375,2
12.986387252807617,-1.6257166862487793e-05,25.973119735717773,0.01562907174229622,1.7546930313110352,1.1082738637924194e-07,173,256,7.220000000000001,0.625,2
15.949641227722168,0.0002420283854007721,31.899133682250977,0.016772454604506493,16.309648513793945,6.7730434238910675e-06,174,256,4.595000000000001,0.40625,2
14.094911575317383,-0.0009077265858650208,28.19204330444336,0.020229404792189598,5.670114994049072,0.00010817288421094418,175,256,5.720000000000001,0.5,2
13.793225288391113,-0.0008133817464113235,27.58858299255371,0.025294892489910126,3.0013678073883057,0.00012345262803137302,176,256,6.470000000000001,0.5625,2
14.207859992980957,-0.00034244731068611145,28.417001724243164,0.029895788058638573,7.714016914367676,0.00018581654876470566,177,256,4.595000000000001,0.40625,2
14.305673599243164,0.0010292679071426392,28.609983444213867,0.03469941020011902,2.476560592651367,9.663845412433147e-05,178,256,5.720000000000001,0.5,2
13.34890079498291,8.579716086387634e-05,26.698293685913086,0.033211953938007355,2.494014263153076,1.1348165571689606e-06,179,256,4.970000000000001,0.4375,2
14.098758697509766,-0.00043296441435813904,28.199108123779297,0.03620919585227966,5.2618279457092285,2.2638123482465744e-05,180,256,5.720000000000001,0.5,2
14.081604957580566,-0.00033765286207199097,28.164600372314453,0.03576972335577011,3.654414653778076,6.470596417784691e-06,181,256,4.595000000000001,0.40625,2
14.104743003845215,-0.0012917965650558472,28.212764739990234,0.03468002378940582,3.187041759490967,4.256516695022583e-05,182,256,5.345000000000001,0.46875,2
13.454554557800293,-0.00161018967628479,26.91289520263672,0.028337934985756874,3.299448013305664,0.00011651753447949886,183,256,4.595000000000001,0.40625,2
15.170680046081543,0.0011674687266349792,30.339569091796875,0.027191124856472015,10.006470680236816,0.00015294109471142292,184,256,6.470000000000001,0.5625,2
14.218274116516113,-0.00023327209055423737,28.437427520751953,0.020580491051077843,14.492904663085938,0.00031867576763033867,185,256,7.595000000000001,0.65625,2
14.12665843963623,-0.0009320303797721863,28.255470275878906,0.014517958275973797,2.6845221519470215,0.00018939049914479256,186,256,5.720000000000001,0.5,2
13.578981399536133,3.6269426345825195e-05,27.15811538696289,0.011241971515119076,1.488632321357727,1.667998731136322e-06,187,256,6.470000000000001,0.5625,2
14.498297691345215,-0.0004402846097946167,28.997669219970703,0.009646027348935604,8.489255905151367,1.7172424122691154e-05,188,256,5.345000000000001,0.46875,2
14.278265953063965,-3.166496753692627e-05,28.556812286376953,0.010918496176600456,8.472806930541992,2.7404166758060455e-07,189,256,4.970000000000001,0.4375,2
13.4540376663208,2.6911497116088867e-05,26.90826988220215,0.012421071529388428,5.426149845123291,1.51805579662323e-07,190,256,6.845000000000001,0.59375,2
13.753606796264648,0.000730397179722786,27.50596809387207,0.010812333784997463,6.740335941314697,4.625832661986351e-05,191,256,7.220000000000001,0.625,2
13.708649635314941,-4.559755325317383e-06,27.417495727539062,0.009385038167238235,1.8766688108444214,3.012828528881073e-07,192,256,6.470000000000001,0.5625,2
14.425092697143555,-1.323409378528595e-05,28.850406646728516,0.009691296145319939,8.376986503601074,8.242204785346985e-08,193,256,5.345000000000001,0.46875,2
13.858012199401855,0.0014378651976585388,27.713375091552734,0.011344511061906815,1.6761974096298218,7.349695079028606e-05,194,256,6.095000000000001,0.53125,2
13.759125709533691,-3.4831464290618896e-06,27.518526077270508,0.013372049666941166,1.596732497215271,8.575152605772018e-07,195,256,5.345000000000001,0.46875,2
13.915321350097656,8.150935173034668e-05,27.83083724975586,0.01783377304673195,1.9878543615341187,0.0004207715392112732,196,256,4.970000000000001,0.4375,2
14.564133644104004,-5.9157609939575195e-06,29.128643035888672,0.01821201480925083,9.574378967285156,1.89291313290596e-07,197,256,6.095000000000001,0.53125,2
15.667222023010254,-0.00014464743435382843,31.335018157958984,0.014251315034925938,22.04769515991211,3.4850090742111206e-06,198,256,8.345,0.71875,2
13.809733390808105,-3.053247928619385e-05,27.61972427368164,0.00978347472846508,5.573617458343506,3.5907141864299774e-06,199,256,6.470000000000001,0.5625,2
14.172600746154785,1.167692244052887e-05,28.345321655273438,0.0071846721693873405,11.6520414352417,4.852190613746643e-07,200,256,4.220000000000001,0.375,2
12.303504943847656,-9.874503120954614e-06,24.607107162475586,0.003930411767214537,7.997539520263672,7.978329819025021e-08,201,384,7.755000000000001,0.65625,4
12.792975425720215,-1.8378098332050286e-07,25.58601951599121,0.003397865453734994,1.5848840475082397,6.022552412332516e-08,202,384,6.630000000000001,0.5625,4
14.09295654296875,-2.3941199742694153e-06,28.185989379882812,0.0035170132759958506,14.260696411132812,5.277494441457975e-09,203,384,4.380000000000001,0.375,4
13.008691787719727,-1.798818448150996e-05,26.017501831054688,0.0041111125610768795,2.3622889518737793,1.1750186246217709e-07,204,384,5.880000000000001,0.5,4
13.242195129394531,-0.0004101817903574556,26.485319137573242,0.005459826905280352,5.537684917449951,2.7108160793432035e-05,205,384,6.630000000000001,0.5625,4
12.842296600341797,-0.00022484858345706016,25.685142517089844,0.004924359265714884,8.25644302368164,4.422540314408252e-06,206,384,7.380000000000001,0.625,4
13.32654857635498,4.254281520843506e-06,26.65318489074707,0.004752203356474638,8.811508178710938,1.210719347000122e-08,207,384,4.755000000000001,0.40625,4
12.596742630004883,-1.5174349528024322e-06,25.193578720092773,0.004519319627434015,5.069520473480225,3.725290298461914e-09,208,384,7.005000000000001,0.59375,4
13.249302864074707,-3.5886962450604187e-06,26.498703002929688,0.004516479093581438,7.1282572746276855,3.1044086745701804e-10,209,384,5.130000000000001,0.4375,4
12.988516807556152,-1.475214958190918e-05,25.977170944213867,0.005429129581898451,7.133956432342529,2.1653249859809875e-07,210,384,4.755000000000001,0.40625,4
13.112948417663574,-0.0006407797336578369,26.22731590270996,0.006910455878823996,2.660834550857544,5.8117322623729706e-05,211,384,5.880000000000001,0.5,4
12.997599601745605,-2.432366272842046e-05,25.995386123657227,0.006881885230541229,0.9386594891548157,4.284083843231201e-08,212,384,5.505000000000001,0.46875,4
13.424017906188965,0.0004072884621564299,26.84735870361328,0.006835335865616798,4.140975475311279,1.6564657926210202e-05,213,384,6.255000000000001,0.53125,4
13.169775009155273,-5.887945371796377e-05,26.33979606628418,0.006375482771545649,11.505293846130371,7.050111889839172e-07,214,384,4.005000000000001,0.34375,4
12.950246810913086,1.1627872481767554e-05,25.9006290435791,0.007927938364446163,2.306316375732422,4.6535083697563095e-07,215,384,5.130000000000001,0.4375,4
13.560779571533203,1.2954075828019995e-05,27.12171173095703,0.0089642945677042,10.453453063964844,1.3333435333606758e-07,216,384,7.005000000000001,0.59375,4
13.626703262329102,-0.0006478056311607361,27.254854202270508,0.007610514760017395,4.433517932891846,0.00012080386659363285,217,384,6.255000000000001,0.53125,4
13.372159957885742,0.0008512139320373535,26.742734909057617,0.00587571831420064,1.681875228881836,9.989536920329556e-05,218,384,5.880000000000001,0.5,4
13.002861022949219,-4.947185516357422e-06,26.00584602355957,0.005701996386051178,2.251415729522705,2.1730860666480112e-08,219,384,5.880000000000001,0.5,4
12.804163932800293,-0.00032716989517211914,25.609092712402344,0.005495239049196243,4.578233242034912,1.0849752470676322e-05,220,384,7.005000000000001,0.59375,4
12.566999435424805,0.0004306808114051819,25.13322639465332,0.004456486087292433,4.38692569732666,5.358240377972834e-05,221,384,7.380000000000001,0.625,4
13.20140266418457,-4.495183475228259e-06,26.40289306640625,0.003947335761040449,4.476129055023193,2.762923578814025e-08,222,384,6.255000000000001,0.53125,4
12.979114532470703,-7.013479716988513e-06,25.958328247070312,0.00424577621743083,3.49881649017334,2.4524828390326547e-08,223,384,6.255000000000001,0.53125,4
13.79762077331543,0.0006264746189117432,27.594087600708008,0.004975724034011364,11.567659378051758,7.424146315315738e-05,224,384,4.380000000000001,0.375,4
12.790361404418945,-1.7332533388980664e-05,25.580896377563477,0.006983818951994181,9.465095520019531,8.276353469227615e-07,225,384,4.005000000000001,0.34375,4
13.38597583770752,0.0006608341936953366,26.77080535888672,0.008767716586589813,4.743486404418945,5.116391184856184e-05,226,384,5.880000000000001,0.5,4
13.28288745880127,-0.00024466216564178467,26.566431045532227,0.00826254952698946,4.292311668395996,8.635533049528021e-06,227,384,5.880000000000001,0.5,4
13.198336601257324,2.79843807220459e-05,26.396751403808594,0.006680596154183149,1.510500192642212,0.00010225378355244175,228,384,5.505000000000001,0.46875,4
13.063364028930664,-0.0006018579006195068,26.128042221069336,0.0055255587212741375,4.017143249511719,4.3407704652054235e-05,229,384,6.630000000000001,0.5625,4
13.10354995727539,1.5368064850918017e-05,26.2071590423584,0.004493831191211939,4.590519428253174,9.033828973770142e-08,230,384,5.505000000000001,0.46875,4
13.337333679199219,-0.00027630478143692017,26.675317764282227,0.004892636090517044,7.652065277099609,7.288219876500079e-06,231,384,4.755000000000001,0.40625,4
13.12230396270752,-0.00030287852860055864,26.245325088500977,0.005550232250243425,2.7773404121398926,1.3005764230911154e-05,232,384,6.255000000000001,0.53125,4
13.087783813476562,0.000247548014158383,26.175188064575195,0.005834463518112898,2.2025535106658936,9.404339834873099e-06,233,384,5.505000000000001,0.46875,4
12.971590042114258,-0.0005419179797172546,25.944398880004883,0.0068178605288267136,1.7713654041290283,3.0403645723708905e-05,234,384,5.130000000000001,0.4375,4
12.1061372756958,-1.710653305053711e-05,24.212499618530273,0.009561902843415737,4.7492170333862305,1.8891878426074982e-06,235,384,4.005000000000001,0.34375,4
12.68770980834961,0.0005000184173695743,25.374662399291992,0.012081089429557323,2.661114454269409,4.4775504647986963e-05,236,384,4.755000000000001,0.40625,4
12.718809127807617,-1.1275212273176294e-05,25.43787384033203,0.011641147546470165,2.548341751098633,3.97364289028701e-07,237,384,4.755000000000001,0.40625,4
13.91142749786377,-4.0670234739081934e-05,27.8231258392334,0.009444578550755978,10.507363319396973,1.934667352543329e-06,238,384,6.630000000000001,0.5625,4
12.344095230102539,-0.0003229255380574614,24.688989639282227,0.007612403482198715,6.4209136962890625,2.4969534933916293e-05,239,384,4.005000000000001,0.34375,4
13.247773170471191,0.0002741167845670134,26.495134353637695,0.00680444436147809,3.6557319164276123,1.1075753718614578e-05,240,384,5.880000000000001,0.5,4
12.23880386352539,-4.475812238524668e-05,24.477828979492188,0.006534337531775236,10.338339805603027,8.291875133181748e-07,241,384,3.6300000000000003,0.3125,4
12.928706169128418,0.00018099199223797768,25.85719108581543,0.007034501526504755,1.2193069458007812,5.481919743033359e-06,242,384,5.130000000000001,0.4375,4
13.868831634521484,-1.2857218280259985e-05,27.737823486328125,0.0067489841021597385,10.887216567993164,8.133550721822758e-08,243,384,7.005000000000001,0.59375,4
13.441843032836914,0.000541195273399353,26.88271141052246,0.005306722596287727,6.718832969665527,6.044112888048403e-05,244,384,6.630000000000001,0.5625,4
12.682637214660645,-9.529292583465576e-06,25.365371704101562,0.003936218097805977,9.785643577575684,3.2658377335792466e-07,245,384,7.755000000000001,0.65625,4
12.982993125915527,-2.8063854529136734e-07,25.966047286987305,0.0030241254717111588,2.2056140899658203,8.257726591409664e-08,246,384,6.255000000000001,0.53125,4
12.165548324584961,1.2417634707162506e-06,24.331148147583008,0.002713938942179084,3.1764891147613525,2.4524828390326547e-08,247,384,7.380000000000001,0.625,4
11.287239074707031,-8.183221325452905e-06,22.574539184570312,0.0021719217766076326,4.2235636711120605,3.1354527862959e-08,248,384,8.13,0.6875,4
14.294784545898438,9.834766387939453e-07,28.589601516723633,0.0017617415869608521,11.582314491271973,6.51925802230835e-09,249,384,5.880000000000001,0.5,4
15.15955924987793,-5.46375929388887e-07,30.31915855407715,0.0019160514930263162,15.20559024810791,1.5522043372850902e-10,250,384,5.130000000000001,0.4375,4
10.85654067993164,-7.947286206899662e-08,21.71312141418457,0.001966998679563403,5.691168308258057,0.0,251,384,8.505,0.71875,4
14.52270793914795,-7.152557373046875e-07,29.045455932617188,0.001942170667462051,12.40052318572998,0.0,252,384,5.505000000000001,0.46875,4
14.407075881958008,-6.896754257468274e-06,28.814210891723633,0.002326330402866006,12.24313735961914,1.2417634032146907e-08,253,384,5.130000000000001,0.4375,4
12.781166076660156,-8.46634338813601e-06,25.562406539916992,0.002851358847692609,2.1280412673950195,4.687656840474119e-08,254,384,6.630000000000001,0.5625,4
13.683588981628418,0.0005337496404536068,27.366182327270508,0.0036257561296224594,16.672279357910156,5.1583629101514816e-05,255,384,3.255,0.28125,4
12.910565376281738,-1.6401210814365186e-05,25.821264266967773,0.005040903575718403,2.6198670864105225,2.932114000486763e-07,256,384,5.880000000000001,0.5,4
13.11786937713623,-6.640950687142322e-06,26.235855102539062,0.005197120830416679,2.896519660949707,3.818422555923462e-08,257,384,5.880000000000001,0.5,4
13.091793060302734,1.9570190943341004e-06,26.183679580688477,0.0049105375073850155,6.214973449707031,8.909652393640499e-08,258,384,6.630000000000001,0.5625,4
12.650062561035156,-4.149973392486572e-05,25.30028533935547,0.003855329705402255,8.828195571899414,2.3686637007358513e-07,259,384,7.755000000000001,0.65625,4
12.203800201416016,3.3080577850341797e-06,24.40764617919922,0.0025763316079974174,4.78292179107666,1.2417633854511223e-07,260,384,7.755000000000001,0.65625,4
16.126161575317383,-0.00039702156209386885,32.25315856933594,0.002017543651163578,20.570894241333008,4.90373931825161e-05,261,384,4.005000000000001,0.34375,4
12.856722831726074,-1.9371509552001953e-07,25.71348762512207,0.0020548852626234293,4.304721832275391,0.0,262,384,6.630000000000001,0.5625,4
14.10877513885498,-4.092852122994373e-06,28.21760368347168,0.002253672108054161,11.073509216308594,8.692343733684993e-09,263,384,5.130000000000001,0.4375,4
13.371927261352539,-2.384185791015625e-06,26.74391746520996,0.002852261997759342,7.494702339172363,4.3461721332960224e-08,264,384,5.130000000000001,0.4375,4
12.930891990661621,-7.614493370056152e-06,25.861875534057617,0.0038362459745258093,1.1998530626296997,1.6794849955203972e-07,265,384,5.880000000000001,0.5,4
13.233251571655273,7.073084361763904e-06,26.466585159301758,0.0047618066892027855,4.933444976806641,8.506079751668949e-08,266,384,6.255000000000001,0.53125,4
13.491375923156738,1.8651286382009857e-06,26.982833862304688,0.004302204120904207,10.431732177734375,2.0489096641540527e-08,267,384,7.380000000000001,0.625,4
13.274807929992676,-1.1712312698364258e-05,26.549713134765625,0.00373857538215816,1.5851569175720215,1.1920928955078125e-07,268,384,5.880000000000001,0.5,4
13.221118927001953,-7.86532928032102e-06,26.442319869995117,0.003361418843269348,7.194040775299072,1.1486311457531428e-08,269,384,4.755000000000001,0.40625,4
12.984440803527832,-1.125037670135498e-06,25.968950271606445,0.0033183388877660036,6.126941680908203,5.898376453927767e-09,270,384,7.005000000000001,0.59375,4
13.329032897949219,-5.6097906053764746e-05,26.658241271972656,0.0031490446999669075,13.61323356628418,8.78702849149704e-07,271,384,3.630000000000001,0.3125,4
12.713790893554688,-5.712111942557385e-06,25.427663803100586,0.003519052406772971,9.534669876098633,2.6232251926217032e-08,272,384,4.005000000000001,0.34375,4
13.182830810546875,-4.539886958809802e-06,26.365751266479492,0.004000105429440737,2.766650915145874,1.6919026180062247e-08,273,384,5.880000000000001,0.5,4
12.78426742553711,-0.00011929124593734741,25.56885528564453,0.004117397125810385,5.344027519226074,1.946634984051343e-05,274,384,4.380000000000001,0.375,4
13.218893051147461,-7.152557373046875e-07,26.437875747680664,0.004366444889456034,4.02845573425293,1.0865430333240056e-08,275,384,5.880000000000001,0.5,4
11.901517868041992,-8.607904419477563e-06,23.803146362304688,0.004671930801123381,10.828545570373535,1.3193736769778752e-08,276,384,3.255000000000001,0.28125,4
13.456547737121582,7.28468075976707e-05,26.913047790527344,0.00487458985298872,6.695237636566162,6.638777563239273e-07,277,384,6.255000000000001,0.53125,4
13.167411804199219,-0.00043683499097824097,26.335779190063477,0.0041145686991512775,1.5035529136657715,3.213559466530569e-05,278,384,5.505000000000001,0.46875,4
12.851080894470215,-7.301568984985352e-07,25.702232360839844,0.0034181929659098387,4.367602348327637,4.377216100692749e-08,279,384,4.755000000000001,0.40625,4
13.217384338378906,9.040037980412308e-07,26.434829711914062,0.0031474754214286804,6.040901184082031,1.7695128917694092e-08,280,384,6.630000000000001,0.5625,4
13.040695190429688,-2.0936131477355957e-06,26.081445693969727,0.0025532436557114124,6.2036662101745605,4.190951585769653e-08,281,384,7.005000000000001,0.59375,4
12.578291893005371,-6.953875413273636e-07,25.156625747680664,0.002039835322648287,5.3543477058410645,4.2530398758344745e-08,282,384,7.380000000000001,0.625,4
10.982670783996582,-5.433956630440662e-06,21.965383529663086,0.0015016476390883327,10.656054496765137,2.204130034044738e-08,283,384,8.88,0.75,4
12.634557723999023,-2.1109978831646004e-07,25.269140243530273,0.0012302364921197295,2.914447069168091,3.414849514271623e-09,284,384,7.005000000000001,0.59375,4
15.181384086608887,1.4901161193847656e-08,30.36279296875,0.001223492668941617,15.765423774719238,0.0,285,384,4.755000000000001,0.40625,4
14.080142974853516,-1.0232130307485932e-06,28.160314559936523,0.001320750918239355,9.77060317993164,0.0,286,384,5.505000000000001,0.46875,4
12.974760055541992,-1.5447536725332611e-06,25.949554443359375,0.0015125913778319955,2.8819961547851562,5.432715166620028e-09,287,384,6.255000000000001,0.53125,4
13.125102996826172,-3.7600595987896668e-06,26.2502498626709,0.0018493147799745202,1.614585518836975,1.4901161193847656e-08,288,384,5.880000000000001,0.5,4
13.23660945892334,-0.0005609691143035889,26.47438621520996,0.0023274340201169252,2.8544721603393555,4.87007200717926e-05,289,384,6.255000000000001,0.53125,4
12.473983764648438,-9.338061317976099e-06,24.948043823242188,0.0028912220150232315,12.884977340698242,3.3372391072816754e-08,290,384,3.255000000000001,0.28125,4
12.999530792236328,-4.2716660573205445e-06,25.999135971069336,0.0032938618678599596,3.1046457290649414,2.5456150964942026e-08,291,384,5.880000000000001,0.5,4
13.346102714538574,-1.7335017901132233e-06,26.69227409362793,0.0032662616576999426,6.466052532196045,0.0,292,384,6.630000000000001,0.5625,4
12.779358863830566,-1.7906228322317475e-06,25.558786392211914,0.003267017425969243,4.869609832763672,0.0,293,384,4.755000000000001,0.40625,4
11.905522346496582,-1.4333675608213525e-05,23.811147689819336,0.0036916539538651705,16.40367889404297,3.3993273973464966e-08,294,384,2.505000000000001,0.21875,4
12.747800827026367,-6.760159976693103e-06,25.495702743530273,0.0044310386292636395,1.0717995166778564,1.1905407149015446e-07,295,384,5.130000000000001,0.4375,4
12.583463668823242,7.835526957933325e-06,25.167016983032227,0.005248354747891426,0.8215020298957825,1.3085082173347473e-07,296,384,4.755000000000001,0.40625,4
13.249309539794922,-5.27501106262207e-06,26.498746871948242,0.005814195144921541,5.0358099937438965,1.257285475730896e-08,297,384,5.505000000000001,0.46875,4
14.103282928466797,-0.0004704594612121582,28.207603454589844,0.004839936271309853,9.722180366516113,2.457962000335101e-05,298,384,6.630000000000001,0.5625,4
13.61536693572998,-1.7784535884857178e-05,27.230844497680664,0.0037536423187702894,9.501530647277832,1.7912437044742546e-07,299,384,7.005000000000001,0.59375,4
13.166885375976562,-0.00023141999554354697,26.334291458129883,0.002851351397112012,8.152823448181152,0.00015117025759536773,300,384,7.380000000000001,0.625,4
12.60062313079834,-2.106030706272577e-06,25.2012939453125,0.0021622951608151197,4.575720310211182,6.674478214563351e-08,301,384,7.380000000000001,0.625,4
14.516883850097656,5.736947059631348e-07,29.03380012512207,0.0017535407096147537,13.400232315063477,1.210719347000122e-08,302,384,4.755000000000001,0.40625,4
12.998275756835938,2.8063854529136734e-07,25.996583938598633,0.001660349778831005,2.80342173576355,0.0,303,384,6.630000000000001,0.5625,4
13.66653823852539,-1.5770395975778229e-06,27.333114624023438,0.0016927077667787671,7.582507610321045,0.0,304,384,5.505000000000001,0.46875,4
13.036006927490234,-6.208816927255612e-08,26.072052001953125,0.0019160667434334755,0.9931732416152954,5.122274160385132e-09,305,384,6.255000000000001,0.53125,4
13.086309432983398,-2.1557013951678528e-06,26.17266845703125,0.0022529999259859324,6.476247787475586,1.4745940468685603e-08,306,384,4.755000000000001,0.40625,4
12.94875717163086,-0.0006630296702496707,25.898897171020508,0.0028879065066576004,1.3809388875961304,9.019440039992332e-05,307,384,5.130000000000001,0.4375,4
12.85435676574707,-1.2238820090715308e-05,25.708818435668945,0.004039250314235687,1.7987689971923828,1.6344711184501648e-07,308,384,5.130000000000001,0.4375,4
14.1339750289917,0.00017191220831591636,28.267698287963867,0.00460595590993762,10.205345153808594,2.643264269863721e-05,309,384,6.630000000000001,0.5625,4
13.945245742797852,-3.0001003779034363e-06,27.89058494567871,0.004418367985635996,11.310935020446777,8.07146260939362e-09,310,384,7.005000000000001,0.59375,4
13.783370971679688,0.0003027717175427824,27.56621551513672,0.00394413759931922,11.24793815612793,1.90736409422243e-05,311,384,7.380000000000001,0.625,4
12.893233299255371,1.1424223202993744e-06,25.786535263061523,0.003524370491504669,5.266538619995117,1.055498888291595e-08,312,384,4.755000000000001,0.40625,4
13.140405654907227,-1.748402951307071e-06,26.2808837890625,0.003404532792046666,2.6178126335144043,3.1044085080367267e-09,313,384,6.255000000000001,0.53125,4
12.721963882446289,-3.1193096674542176e-06,25.443994522094727,0.0030420066323131323,9.053268432617188,2.1730860666480112e-08,314,384,7.755000000000001,0.65625,4
13.423884391784668,8.940696716308594e-08,26.847824096679688,0.002748727798461914,7.4689226150512695,6.829699028543246e-09,315,384,5.130000000000001,0.4375,4
13.506078720092773,-1.137455342359317e-06,27.012216567993164,0.0028496449813246727,10.92159652709961,0.0,316,384,4.380000000000001,0.375,4
12.920415878295898,-1.0927518445669193e-07,25.840890884399414,0.002931254683062434,2.740064859390259,0.0,317,384,6.630000000000001,0.5625,4
12.921576499938965,-2.356867071284796e-06,25.84321403503418,0.0028660029638558626,0.7666643857955933,0.0,318,384,6.255000000000001,0.53125,4
12.72859001159668,4.917383193969727e-07,25.45723533630371,0.0028215376660227776,1.5027105808258057,3.1044086745701804e-10,319,384,6.630000000000001,0.5625,4
13.594324111938477,-7.37607479095459e-07,27.188705444335938,0.002808213932439685,7.8322367668151855,0.0,320,384,5.130000000000001,0.4375,4
12.841663360595703,-2.086162567138672e-07,25.683382034301758,0.0027941472362726927,0.9040502905845642,0.0,321,384,6.630000000000001,0.5625,4
13.412762641906738,-7.127721914912399e-07,26.82558250427246,0.002743240213021636,7.876227378845215,0.0,322,384,5.130000000000001,0.4375,4
12.291524887084961,4.023313522338867e-07,24.583105087280273,0.0027593951672315598,7.517346382141113,0.0,323,384,7.755000000000001,0.65625,4
12.700228691101074,-4.967053879312289e-09,25.400510787963867,0.002662756247445941,0.7691540122032166,0.0,324,384,6.630000000000001,0.5625,4
12.039332389831543,-0.0003842214646283537,24.079483032226562,0.0024336325004696846,4.844626426696777,1.2358806088741403e-05,325,384,7.755000000000001,0.65625,4
13.516589164733887,-0.00037044286727905273,27.033960342407227,0.0020967544987797737,5.272355556488037,1.937864908541087e-05,326,384,6.255000000000001,0.53125,4
12.561667442321777,-6.457169661189255e-07,25.123374938964844,0.001943325507454574,0.7401618361473083,0.0,327,384,7.005000000000001,0.59375,4
13.18238639831543,8.791685104370117e-07,26.364809036254883,0.001921587623655796,3.168002128601074,0.0,328,384,6.255000000000001,0.53125,4
13.080875396728516,-2.1706025563617004e-06,26.16179656982422,0.0020587982144206762,4.9744086265563965,2.7939677238464355e-09,329,384,5.505000000000001,0.46875,4
13.05470085144043,-1.7086664456655853e-06,26.109453201293945,0.0024249323178082705,10.631790161132812,1.4435499906539917e-08,330,384,4.005000000000001,0.34375,4
13.474733352661133,0.0002374077885178849,26.949045181274414,0.002680826699361205,10.47737979888916,4.7592134251317475e-06,331,384,7.380000000000001,0.625,4
13.230223655700684,8.158385753631592e-05,26.460336685180664,0.0026276076678186655,6.308157920837402,1.1914720516870148e-06,332,384,6.630000000000001,0.5625,4
13.06787109375,-2.7815499947791977e-07,26.135793685913086,0.0025482720229774714,0.9538218975067139,0.0,333,384,5.505000000000001,0.46875,4
13.158198356628418,-6.35782896551973e-07,26.316450119018555,0.002569840056821704,5.390645980834961,0.0,334,384,6.630000000000001,0.5625,4
13.020818710327148,-1.524885533399356e-06,26.04168701171875,0.0023145005106925964,3.688039779663086,4.967053879312289e-09,335,384,6.630000000000001,0.5625,4
12.51127815246582,-4.495183532071678e-07,25.02259635925293,0.0020221893209964037,5.77488374710083,1.0865430333240056e-08,336,384,7.380000000000001,0.625,4
12.757360458374023,-6.953874986947994e-08,25.51475715637207,0.0017966469749808311,1.272706151008606,5.898376453927767e-09,337,384,6.630000000000001,0.5625,4
12.885665893554688,-8.543332228327927e-07,25.7713680267334,0.0017511163605377078,1.5842671394348145,0.0,338,384,6.630000000000001,0.5625,4
13.47373104095459,-8.940696716308594e-07,26.947500228881836,0.001781034399755299,7.1558942794799805,0.0,339,384,5.505000000000001,0.46875,4
12.837565422058105,-1.2318292874624603e-06,25.6751708984375,0.0019295691745355725,0.9842138886451721,3.1044086745701804e-10,340,384,6.630000000000001,0.5625,4
13.074850082397461,-4.470348358154297e-07,26.149742126464844,0.0020840803626924753,2.7288010120391846,2.9491882269638836e-09,341,384,5.880000000000001,0.5,4
12.915552139282227,-4.172325134277344e-07,25.831148147583008,0.0021934753749519587,2.575895071029663,0.0,342,384,6.630000000000001,0.5625,4
13.214922904968262,-2.682209014892578e-07,26.42989158630371,0.002304305788129568,5.981406211853027,0.0,343,384,5.130000000000001,0.4375,4
12.978727340698242,-1.3584891576101654e-06,25.957509994506836,0.0026261352468281984,2.2863776683807373,1.0244548320770264e-08,344,384,5.505000000000001,0.46875,4
13.148279190063477,4.6193599700927734e-07,26.296613693237305,0.002754081739112735,7.515552520751953,5.122274160385132e-09,345,384,7.005000000000001,0.59375,4
12.820697784423828,-2.731879646944435e-07,25.641454696655273,0.0029365618247538805,4.951586723327637,2.9491882269638836e-09,346,384,4.755000000000001,0.40625,4
13.362796783447266,-0.00010572621977189556,26.725866317749023,0.0030567620415240526,8.541328430175781,2.031835492743994e-06,347,384,7.005000000000001,0.59375,4
12.748347282409668,-1.9669532775878906e-06,25.496763229370117,0.003211703384295106,4.3090057373046875,4.3461718668424965e-09,348,384,4.755000000000001,0.40625,4
13.054813385009766,-0.0,26.10969352722168,0.0033285117242485285,2.572014331817627,1.5522043372850902e-10,349,384,5.880000000000001,0.5,4
12.57081127166748,-1.157323481493222e-06,25.141693115234375,0.0034575751051306725,3.962982416152954,1.862645149230957e-09,350,384,4.755000000000001,0.40625,4
13.928728103637695,-7.11431130184792e-05,27.8576717376709,0.0036112917587161064,13.738520622253418,1.1078082025051117e-06,351,384,7.755000000000001,0.65625,4
12.997196197509766,-2.580384489192511e-06,25.99446678161621,0.003475015750154853,1.5445489883422852,9.002785184009099e-09,352,384,5.880000000000001,0.5,4
13.02740478515625,-1.5373030919363373e-06,26.05487060546875,0.002881203778088093,3.7403037548065186,2.204130034044738e-08,353,384,6.630000000000001,0.5625,4
13.738059043884277,2.836187604771112e-06,27.476165771484375,0.002689905231818557,15.159736633300781,7.140139590688932e-09,354,384,3.630000000000001,0.3125,4
12.894786834716797,-8.344650268554688e-07,25.789628982543945,0.0026510150637477636,0.5159372687339783,0.0,355,384,6.255000000000001,0.53125,4
13.283653259277344,1.1424223345102291e-07,26.56736183166504,0.002770038088783622,6.018767833709717,2.3283064365386963e-09,356,384,5.130000000000001,0.4375,4
12.895514488220215,-3.725290298461914e-08,25.791091918945312,0.0031929893884807825,6.20826530456543,2.1265199379172373e-08,357,384,4.755000000000001,0.40625,4
12.619515419006348,-4.72863530376344e-06,25.23911476135254,0.003716046689078212,5.876506328582764,5.696589866488466e-08,358,384,4.380000000000001,0.375,4
13.405508041381836,3.5886962450604187e-06,26.811094284057617,0.004283095244318247,6.511037349700928,3.306195139884949e-08,359,384,6.255000000000001,0.53125,4
13.170944213867188,2.284844640598749e-06,26.341970443725586,0.004244023934006691,4.158886432647705,3.1044086745701804e-10,360,384,5.880000000000001,0.5,4
12.447325706481934,-1.1970599871347076e-06,24.894739151000977,0.004339049104601145,4.893540382385254,0.0,361,384,4.380000000000001,0.375,4
12.835853576660156,-2.5331974029541016e-06,25.671798706054688,0.004328896291553974,0.9217764735221863,1.2883295319454646e-08,362,384,5.130000000000001,0.4375,4
13.41505241394043,-0.0003331601619720459,26.830856323242188,0.004323227796703577,6.425059795379639,1.449588035029592e-05,363,384,6.255000000000001,0.53125,4
13.028409957885742,-0.00046762824058532715,26.057825088500977,0.0034956217277795076,0.9675910472869873,3.970569741795771e-05,364,384,5.505000000000001,0.46875,4
12.654549598693848,2.9578804969787598e-06,25.30914878845215,0.00279427133500576,4.323332786560059,5.898376187474241e-08,365,384,4.755000000000001,0.40625,4
12.975969314575195,-3.7848949432373047e-06,25.951995849609375,0.0024823867715895176,1.8292067050933838,1.6763806343078613e-08,366,384,5.880000000000001,0.5,4
12.569844245910645,4.847844593314221e-06,25.13972282409668,0.0021686090622097254,13.538944244384766,9.313225746154785e-10,367,384,3.2550000000000003,0.28125,4
13.314385414123535,-5.985299935673538e-07,26.628816604614258,0.0021649228874593973,10.505955696105957,0.0,368,384,7.380000000000001,0.625,4
13.032195091247559,-2.3171305656433105e-06,26.06443214416504,0.001883923658169806,0.9827407598495483,9.313225746154785e-09,369,384,5.880000000000001,0.5,4
12.580192565917969,-2.6226043701171875e-06,25.16042137145996,0.001536242663860321,13.76771354675293,8.381903171539307e-09,370,384,8.505,0.71875,4
12.817172050476074,-2.7219455205340637e-06,25.634374618530273,0.0012723858235403895,0.7470806837081909,6.51925802230835e-09,371,384,6.630000000000001,0.5625,4
13.380805015563965,-1.0927518445669193e-07,26.761632919311523,0.0011306809028610587,5.533487796783447,0.0,372,384,5.880000000000001,0.5,4
13.139714241027832,7.947286206899662e-08,26.279451370239258,0.0011055544018745422,5.222616672515869,0.0,373,384,5.880000000000001,0.5,4
12.855157852172852,-4.967053541804489e-07,25.710342407226562,0.00119485252071172,1.7647743225097656,0.0,374,384,6.255000000000001,0.53125,4
12.594924926757812,3.973643103449831e-08,25.18987464904785,0.0012470391811802983,5.878702640533447,0.0,375,384,7.380000000000001,0.625,4
13.248711585998535,-0.0002219577581854537,26.497894287109375,0.0013306239852681756,4.4634575843811035,6.317471616057446e-06,376,384,5.505000000000001,0.46875,4
13.009370803833008,-9.437402326284428e-08,26.018774032592773,0.0016271863132715225,5.272853851318359,5.743155728765714e-09,377,384,5.130000000000001,0.4375,4
13.129373550415039,2.558032576871483e-07,26.2587833404541,0.001779259997420013,8.951648712158203,3.880510579534757e-09,378,384,7.380000000000001,0.625,4
12.939257621765137,2.8808912588829116e-07,25.878549575805664,0.001700926455669105,1.9479835033416748,0.0,379,384,6.255000000000001,0.53125,4
13.22418212890625,-3.079573218656151e-07,26.448400497436523,0.001798246637918055,7.137884616851807,0.0,380,384,4.755000000000001,0.40625,4
13.007331848144531,-3.178914482759865e-07,26.014699935913086,0.0017825312679633498,3.8021304607391357,0.0,381,384,6.630000000000001,0.5625,4
12.888769149780273,1.8874804652568855e-07,25.777570724487305,0.0016561060911044478,0.42280223965644836,0.0,382,384,6.255000000000001,0.53125,4
13.128759384155273,-0.0003870030341204256,26.258331298828125,0.0018992101540789008,1.122459888458252,2.199659684265498e-05,383,384,6.255000000000001,0.53125,4
13.591245651245117,-0.0007143269176594913,27.18397331237793,0.0026530202012509108,9.664276123046875,0.00011291680857539177,384,384,4.755000000000001,0.40625,4
13.134638786315918,-4.6988329813757446e-06,26.26935386657715,0.0033287622500211,1.9377533197402954,9.297703940092106e-08,385,384,5.880000000000001,0.5,4
12.927227020263672,-5.406638138083508e-06,25.85455322265625,0.004392089322209358,10.280677795410156,1.4730419195529976e-07,386,384,4.005000000000001,0.34375,4
12.930740356445312,-5.587935447692871e-06,25.861602783203125,0.005503060761839151,0.7396878004074097,2.3422762751579285e-07,387,384,5.505000000000001,0.46875,4
13.235727310180664,-0.0005989273195154965,26.4727840423584,0.006626002490520477,3.701104164123535,4.1411880374653265e-05,388,384,5.880000000000001,0.5,4
13.113860130310059,5.46375929388887e-07,26.227867126464844,0.007409139070659876,5.077754020690918,1.1532878119169254e-07,389,384,6.255000000000001,0.53125,4
13.291598320007324,-5.633632463286631e-05,26.583459854125977,0.007490957621484995,9.604083061218262,2.8902044846290664e-07,390,384,7.380000000000001,0.625,4
12.839677810668945,-9.03010368347168e-06,25.67951011657715,0.006870781537145376,7.499649524688721,9.064873296438236e-08,391,384,7.380000000000001,0.625,4
13.166977882385254,-3.7799279652972473e-06,26.334091186523438,0.006420057266950607,3.1328325271606445,3.011276206166258e-08,392,384,5.880000000000001,0.5,4
13.14727783203125,-6.953874986947994e-08,26.2946834564209,0.006343728397041559,2.5271642208099365,1.7074247571358114e-09,393,384,5.880000000000001,0.5,4
13.00872802734375,-4.937251560477307e-06,26.01759910583496,0.006718367803841829,3.421541929244995,4.020209232180605e-08,394,384,5.505000000000001,0.46875,4
12.96556568145752,1.6664465647409088e-06,25.9312686920166,0.007094655651599169,6.266487121582031,1.8471231655325937e-08,395,384,7.005000000000001,0.59375,4
13.0178861618042,-3.2583873235125793e-06,26.035924911499023,0.00737760541960597,2.0151679515838623,1.56772639314795e-08,396,384,5.505000000000001,0.46875,4
12.94005298614502,-6.71545649311156e-06,25.880279541015625,0.008045108988881111,0.7173861265182495,1.0306636255563717e-07,397,384,5.505000000000001,0.46875,4
12.932409286499023,-6.720423698425293e-06,25.865007400512695,0.00881535466760397,0.8148128986358643,1.993030309677124e-07,398,384,5.505000000000001,0.46875,4
12.743273735046387,-0.0006960431928746402,25.488157272338867,0.010882415808737278,1.042292594909668,6.140457844594494e-05,399,384,5.130000000000001,0.4375,4
11.99005126953125,-0.0002185751945944503,23.9808292388916,0.014457128942012787,7.8626227378845215,0.0002151881344616413,400,384,3.630000000000001,0.3125,4
12.250835418701172,-0.0003596365568228066,24.502605438232422,0.010782914236187935,8.755304336547852,2.7606078219832852e-05,401,640,6.574999999999999,0.53125,8
12.338912010192871,0.00015249251737259328,24.677738189697266,0.0109641645103693,9.791638374328613,4.3770296542788856e-06,402,640,6.949999999999999,0.5625,8
11.498574256896973,-0.00043811797513626516,22.998226165771484,0.010147321969270706,1.9485881328582764,2.329861672478728e-05,403,640,5.824999999999999,0.46875,8
12.213890075683594,-0.00011286139488220215,24.428173065185547,0.008354559540748596,18.119333267211914,9.64490682235919e-05,404,640,9.2,0.75,8
11.422958374023438,-0.0006147414678707719,22.8472843170166,0.00690897461026907,4.041353225708008,5.580447759712115e-05,405,640,5.449999999999999,0.4375,8
11.289304733276367,-1.99794776563067e-05,22.57876205444336,0.005626130849123001,1.5476640462875366,5.299225449562073e-07,406,640,6.574999999999999,0.53125,8
11.344061851501465,-1.583695484441705e-05,22.688249588012695,0.004648853093385696,0.4980098605155945,3.309920373339992e-07,407,640,6.574999999999999,0.53125,8
11.729063034057617,-0.00018025636381935328,23.458568572998047,0.00409677205607295,8.566384315490723,9.820051673159469e-06,408,640,5.074999999999999,0.40625,8
11.146883964538574,-2.443790378947597e-07,22.293840408325195,0.0036530536599457264,1.4020813703536987,4.079192805761522e-08,409,640,6.949999999999999,0.5625,8
10.862203598022461,-0.00030274392338469625,21.725078582763672,0.0033353506587445736,4.376674652099609,1.1377781447663438e-05,410,640,7.699999999999999,0.625,8
11.081328392028809,-2.9712914511037525e-06,22.1627197265625,0.002888160292059183,1.052405834197998,3.501772738445652e-08,411,640,6.949999999999999,0.5625,8
11.321413040161133,3.159046286782541e-07,22.64288330078125,0.002819335786625743,2.512338876724243,1.8626451769865326e-10,412,640,6.574999999999999,0.53125,8
10.923048973083496,-3.5762786865234375e-07,21.846155166625977,0.0028156167827546597,1.7149547338485718,0.0,413,640,7.324999999999999,0.59375,8
11.565118789672852,-7.184744026744738e-05,23.13043212890625,0.0026092983316630125,4.5265302658081055,1.0313466418665485e-06,414,640,6.199999999999999,0.5,8
10.843276977539062,3.5437940823612735e-05,21.68653678894043,0.002626664936542511,4.04750394821167,4.1211023926734924e-07,415,640,7.699999999999999,0.625,8
11.130983352661133,-2.187490508731571e-06,22.26202392578125,0.0026606321334838867,0.46243998408317566,0.0,416,640,6.949999999999999,0.5625,8
11.598706245422363,-6.19888282926695e-07,23.197465896606445,0.002613382413983345,5.509616851806641,3.259629011154175e-09,417,640,5.824999999999999,0.46875,8
11.26487922668457,-2.1189450762904016e-06,22.529821395874023,0.002913243602961302,0.2879997193813324,1.369044166921185e-08,418,640,6.574999999999999,0.53125,8
11.330520629882812,-0.0002561509609222412,22.661619186401367,0.0032278280705213547,2.5569090843200684,1.1252052900090348e-05,419,640,5.824999999999999,0.46875,8
11.188446998596191,-7.972121238708496e-06,22.37698745727539,0.003920452203601599,2.4649531841278076,1.3560057254835556e-07,420,640,5.449999999999999,0.4375,8
11.478618621826172,1.430511474609375e-06,22.957321166992188,0.004373100120574236,4.962721347808838,8.381903171539307e-08,421,640,6.574999999999999,0.53125,8
11.229438781738281,-2.7298926852381555e-06,22.45897674560547,0.0046436479315161705,0.6532464623451233,1.4994293806580572e-08,422,640,5.824999999999999,0.46875,8
11.43850040435791,2.652406578818045e-07,22.87709617614746,0.0047449469566345215,5.428251266479492,0.0,423,640,6.949999999999999,0.5625,8
11.263442993164062,-2.646446318976814e-06,22.526981353759766,0.004506039898842573,0.7124983668327332,1.2665987370041876e-08,424,640,6.199999999999999,0.5,8
11.345409393310547,-0.00015628337860107422,22.69122314453125,0.004611858166754246,2.7402091026306152,3.889761956088478e-06,425,640,5.824999999999999,0.46875,8
11.294410705566406,7.811188879713882e-06,22.588909149169922,0.005120833404362202,5.3405537605285645,5.55999584150868e-08,426,640,7.324999999999999,0.59375,8
11.324247360229492,-0.0001988291769521311,22.64900779724121,0.005786466412246227,0.41528797149658203,8.214451554522384e-06,427,640,6.574999999999999,0.53125,8
11.405570983886719,-0.00040700435056351125,22.812108993530273,0.007589022628962994,2.4409172534942627,7.146382995415479e-05,428,640,6.199999999999999,0.5,8
10.919687271118164,0.00018273592286277562,21.839191436767578,0.00915475096553564,5.5028228759765625,5.642641190206632e-05,429,640,7.699999999999999,0.625,8
11.445841789245605,-0.0008152663940563798,22.893531799316406,0.01086157001554966,3.02580189704895,5.84201879973989e-05,430,640,6.199999999999999,0.5,8
11.03435230255127,-0.00033849477767944336,22.069652557373047,0.013516701757907867,3.054356098175049,3.8968119042692706e-05,431,640,7.324999999999999,0.59375,8
11.47461986541748,6.4373016357421875e-06,22.949535369873047,0.015492605976760387,3.3899853229522705,4.893727691523964e-06,432,640,6.199999999999999,0.5,8
11.267812728881836,-0.00021463632583618164,22.536405563354492,0.017507631331682205,0.9501006007194519,7.093967724358663e-05,433,640,6.949999999999999,0.5625,8
12.017122268676758,0.0008560895803384483,24.032930374145508,0.01991034857928753,9.693378448486328,5.934825094300322e-05,434,640,5.074999999999999,0.40625,8
11.925840377807617,-0.00036817192449234426,23.85284996032715,0.021633587777614594,12.406387329101562,4.6509037929354236e-05,435,640,4.324999999999999,0.34375,8
11.517871856689453,-0.0003633975866250694,23.03695297241211,0.024086233228445053,2.7791244983673096,0.00011023310798918828,436,640,6.949999999999999,0.5625,8
11.350020408630371,-0.0015587657690048218,22.703710556030273,0.02766931988298893,2.0680439472198486,0.00026655933470465243,437,640,6.949999999999999,0.5625,8
12.028843879699707,-0.001277363277040422,24.060861587524414,0.030999090522527695,8.896767616271973,0.00039505391032435,438,640,5.074999999999999,0.40625,8
10.919177055358887,0.00044768452062271535,21.838111877441406,0.0326567143201828,9.485563278198242,0.0001388109812978655,439,640,8.45,0.6875,8
11.788117408752441,-0.0007622420671395957,23.57843589782715,0.03388029336929321,3.1984763145446777,0.00018884832388721406,440,640,6.199999999999999,0.5,8
12.082865715026855,-0.003659221576526761,24.173742294311523,0.03459295630455017,6.3531365394592285,0.0006568761309608817,441,640,5.449999999999999,0.4375,8
11.377370834350586,-0.0015576004516333342,22.75851821899414,0.033078741282224655,6.526737213134766,0.0007595526403747499,442,640,7.699999999999999,0.625,8
11.715327262878418,0.00037598609924316406,23.430538177490234,0.03177165240049362,1.62187659740448,4.909327253699303e-05,443,640,6.949999999999999,0.5625,8
11.669845581054688,-7.545352127635852e-05,23.34050178527832,0.032951634377241135,0.6510331630706787,0.0001324898621533066,444,640,6.949999999999999,0.5625,8
12.19970417022705,-0.0005428731674328446,24.40117835998535,0.03421848267316818,6.91810941696167,0.00018116012506652623,445,640,5.824999999999999,0.46875,8
12.992661476135254,0.00011170506331836805,25.985790252685547,0.03453974053263664,16.920167922973633,5.845874693477526e-05,446,640,3.9499999999999997,0.3125,8
11.464933395385742,-0.0002063393621938303,22.93096351623535,0.03427761793136597,0.6741845607757568,0.00011932952475035563,447,640,6.949999999999999,0.5625,8
11.651235580444336,-0.0011023699771612883,23.305362701416016,0.034329604357481,1.5736385583877563,7.26074940757826e-05,448,640,6.574999999999999,0.53125,8
11.801582336425781,0.0023971437476575375,23.59906005859375,0.03452899307012558,4.495909690856934,0.0002616148558445275,449,640,5.824999999999999,0.46875,8
10.997742652893066,-2.6607513063936494e-05,21.99622917175293,0.03448349982500076,17.54431915283203,4.03672447646386e-06,450,640,9.575,0.78125,8
11.10863208770752,-0.0003058016300201416,22.21856117248535,0.03428436443209648,10.475963592529297,3.713080513989553e-05,451,640,8.45,0.6875,8
11.775406837463379,-1.0222196578979492e-05,23.551515579223633,0.03401757404208183,4.902875900268555,5.406327474588579e-08,452,640,5.824999999999999,0.46875,8
11.69295597076416,-0.0006008028867654502,23.387792587280273,0.03394747152924538,2.0481700897216797,3.49490437656641e-05,453,640,6.199999999999999,0.5,8
11.672396659851074,0.00044713617535308003,23.344560623168945,0.03313196077942848,2.6545426845550537,5.7359739003004506e-05,454,640,5.824999999999999,0.46875,8
11.64403247833252,-0.00017129183106590062,23.289066314697266,0.03293999284505844,4.61579704284668,9.674951797933318e-06,455,640,6.949999999999999,0.5625,8
11.586319923400879,-0.0005086272722110152,23.174266815185547,0.030553758144378662,0.3076264262199402,0.0003424010646995157,456,640,6.199999999999999,0.5,8
11.544575691223145,-0.0013761192094534636,23.09239959716797,0.024807443842291832,3.6851398944854736,0.0009965993231162429,457,640,6.949999999999999,0.5625,8
11.840576171875,-0.0002802506205625832,23.682125091552734,0.020633216947317123,11.661351203918457,0.000204108000616543,458,640,4.324999999999999,0.34375,8
11.576920509338379,4.023313522338867e-05,23.15411949157715,0.017910193651914597,0.5593942999839783,6.498089351225644e-05,459,640,6.199999999999999,0.5,8
11.440107345581055,-4.780292329087388e-06,22.88057518005371,0.017593327909708023,3.2672483921051025,3.8668514434903045e-07,460,640,5.449999999999999,0.4375,8
11.28022575378418,-0.0011514455545693636,22.56313133239746,0.018895167857408524,3.433506727218628,3.964332790928893e-05,461,640,5.074999999999999,0.40625,8
11.713502883911133,0.0003589868429116905,23.426715850830078,0.02138308249413967,4.025749683380127,5.861530007678084e-05,462,640,6.199999999999999,0.5,8
11.801095008850098,7.469057891285047e-05,23.60248565673828,0.022195231169462204,5.915627956390381,2.0473264612519415e-06,463,640,6.574999999999999,0.53125,8
10.90327262878418,-1.4333427316159941e-05,21.80701446533203,0.02199583128094673,6.769678115844727,4.060566283214939e-08,464,640,4.324999999999999,0.34375,8
12.172748565673828,-3.6060811225979705e-07,24.345932006835938,0.021760940551757812,10.024391174316406,1.2614764273166656e-06,465,640,7.324999999999999,0.59375,8
12.083715438842773,-0.0003372252103872597,24.168529510498047,0.021139297634363174,10.947797775268555,1.9556842744350433e-05,466,640,7.699999999999999,0.625,8
11.639688491821289,0.00025975407334044576,23.279251098632812,0.019614871591329575,9.466083526611328,1.997724211832974e-05,467,640,7.699999999999999,0.625,8
11.521408081054688,-0.0002124965249095112,23.04361343383789,0.01858562044799328,8.382521629333496,1.0836776709766127e-05,468,640,4.699999999999999,0.375,8
11.509349822998047,-0.00026004313258454204,23.019573211669922,0.017641261219978333,1.6335370540618896,2.791769838950131e-05,469,640,6.574999999999999,0.53125,8
11.250205993652344,0.00037676989450119436,22.49997329711914,0.01570579595863819,4.537470817565918,2.497229797882028e-05,470,640,7.324999999999999,0.59375,8
11.915184020996094,-0.00038370193215087056,23.831422805786133,0.014378604479134083,7.017209053039551,3.764405846595764e-05,471,640,5.449999999999999,0.4375,8
11.066913604736328,-0.00040684343548491597,22.134906768798828,0.013231737539172173,5.2015700340271,3.0542163585778326e-05,472,640,7.699999999999999,0.625,8
11.16271686553955,9.760558896232396e-05,22.325471878051758,0.011627736501395702,1.9042108058929443,3.1074509024620056e-05,473,640,7.324999999999999,0.59375,8
11.765271186828613,-0.00016510486602783203,23.531091690063477,0.010938737541437149,5.2892608642578125,4.809070560440887e-06,474,640,6.199999999999999,0.5,8
12.291975021362305,-3.0231476557673886e-05,24.58422088623047,0.010474232956767082,11.05332088470459,2.9742718652414624e-06,475,640,5.074999999999999,0.40625,8
11.980827331542969,-2.4318694613612024e-06,23.961870193481445,0.010464576072990894,9.751120567321777,5.029141991741426e-09,476,640,5.074999999999999,0.40625,8
11.545143127441406,-0.0009289056179113686,23.09238052368164,0.011794979684054852,1.68240225315094,8.553471707273275e-05,477,640,6.199999999999999,0.5,8
11.325892448425293,-0.00031585097895003855,22.652713775634766,0.01492204051464796,7.845767498016357,5.8050361985806376e-05,478,640,7.699999999999999,0.625,8
11.450218200683594,0.00046209990978240967,22.899852752685547,0.017063835635781288,6.20936918258667,7.105721306288615e-05,479,640,5.074999999999999,0.40625,8
11.531643867492676,-0.0015971183311194181,23.06674575805664,0.013180827721953392,0.7253488302230835,0.000768197700381279,480,640,6.199999999999999,0.5,8
11.447010040283203,-0.00040747225284576416,22.89501190185547,0.008877754211425781,4.536140441894531,0.0002996903785970062,481,640,6.949999999999999,0.5625,8
11.194595336914062,-2.404153383395169e-05,22.389373779296875,0.006783377379179001,7.572420120239258,2.4603680230939062e-06,482,640,7.699999999999999,0.625,8
11.437727928161621,-0.00041112303733825684,22.87638282775879,0.005224890075623989,1.4482383728027344,4.442250428837724e-05,483,640,6.199999999999999,0.5,8
11.154267311096191,-8.797645932645537e-06,22.308635711669922,0.00423040147870779,4.500838279724121,3.0174851417541504e-07,484,640,7.324999999999999,0.59375,8
11.164617538452148,-2.434849648125237e-06,22.32931137084961,0.003563032951205969,1.2448168992996216,1.1846422864891792e-07,485,640,6.949999999999999,0.5625,8
11.82303524017334,2.4378300622629467e-06,23.646129608154297,0.003207538975402713,7.809693813323975,2.961605716222948e-08,486,640,5.449999999999999,0.4375,8
12.670231819152832,2.968311264339718e-06,25.340518951416016,0.003086511278524995,21.584854125976562,0.0,487,640,2.8249999999999997,0.21875,8
11.518380165100098,5.30481315763609e-07,23.036823272705078,0.003237120108678937,5.82066535949707,1.955777317874663e-09,488,640,5.449999999999999,0.4375,8
11.292349815368652,-1.4305115314527939e-07,22.58476448059082,0.003201024141162634,1.2637742757797241,1.4901161415892261e-09,489,640,6.574999999999999,0.53125,8
11.37253189086914,-2.1070241018605884e-06,22.745136260986328,0.0033887475728988647,8.300681114196777,3.5390257391298974e-09,490,640,4.699999999999999,0.375,8
11.16555118560791,-3.926455974578857e-06,22.331180572509766,0.0034975912421941757,4.929672718048096,1.480802858111474e-08,491,640,5.074999999999999,0.40625,8
11.414376258850098,-0.00019699335098266602,22.829227447509766,0.0039823781698942184,2.2193944454193115,6.892811597936088e-06,492,640,6.199999999999999,0.5,8
11.456480979919434,5.879998298041755e-06,22.91303253173828,0.00408997293561697,3.711737632751465,2.2351742678949904e-09,493,640,6.574999999999999,0.53125,8
11.277185440063477,-1.5020370938145788e-06,22.5544490814209,0.0037176981568336487,2.5634677410125732,3.4645200486238537e-08,494,640,6.574999999999999,0.53125,8
11.253125190734863,0.00011810660362243652,22.50608253479004,0.003411655779927969,2.8434696197509766,3.498327032502857e-06,495,640,6.949999999999999,0.5625,8
11.032074928283691,-2.512335868232185e-06,22.064220428466797,0.003225113730877638,2.9164648056030273,1.3411044719191523e-08,496,640,7.324999999999999,0.59375,8
11.566572189331055,2.390742338320706e-05,23.133159637451172,0.0031606543343514204,4.5540008544921875,1.2479722499847412e-07,497,640,6.199999999999999,0.5,8
11.522231101989746,-5.006789933759137e-07,23.04452896118164,0.0032415520399808884,4.482160568237305,5.9604645663569045e-09,498,640,6.199999999999999,0.5,8
10.979585647583008,-0.00011433065083110705,21.959468841552734,0.0034753032959997654,1.879719614982605,3.430992364883423e-06,499,640,7.324999999999999,0.59375,8
11.518660545349121,0.00012590289406944066,23.03714370727539,0.00374612957239151,4.326890468597412,3.0119904295133892e-06,500,640,6.199999999999999,0.5,8
10.953902244567871,1.1622906015418266e-07,21.907880783081055,0.0038528037257492542,2.0349292755126953,2.9802322831784522e-09,501,640,7.324999999999999,0.59375,8
11.488137245178223,1.5497207073167374e-07,22.97635269165039,0.003924686927348375,4.100730895996094,1.4901161415892261e-09,502,640,6.199999999999999,0.5,8
11.686859130859375,-2.467632384650642e-06,23.37380599975586,0.004079724662005901,7.189101696014404,1.145526784540607e-08,503,640,5.449999999999999,0.4375,8
11.144328117370605,-0.00024816393852233887,22.28923988342285,0.004382052458822727,3.73667311668396,8.419808182225097e-06,504,640,7.324999999999999,0.59375,8
11.334864616394043,-0.000267392402747646,22.670360565185547,0.004908203613013029,2.2125401496887207,1.3011134797125123e-05,505,640,6.199999999999999,0.5,8
11.418989181518555,0.00026219786377623677,22.837570190429688,0.005837274249643087,5.178528308868408,1.5065353181853425e-05,506,640,5.449999999999999,0.4375,8
11.274523735046387,0.00010851621482288465,22.548952102661133,0.006134922616183758,3.7554678916931152,1.7686746787148877e-06,507,640,6.949999999999999,0.5625,8
11.38160228729248,-0.0004166245344094932,22.764171600341797,0.006668125744909048,1.8947299718856812,1.4360621207742952e-05,508,640,5.824999999999999,0.46875,8
11.323485374450684,-4.183053897577338e-05,22.647214889526367,0.007963361218571663,0.9466370940208435,5.720034096157178e-05,509,640,5.824999999999999,0.46875,8
11.439967155456543,-1.049637830874417e-05,22.880130767822266,0.008813329041004181,1.9870270490646362,1.159636303782463e-05,510,640,6.199999999999999,0.5,8
11.560775756835938,3.343820571899414e-05,23.121662139892578,0.008906914852559566,7.414300918579102,1.2749805478051712e-07,511,640,7.324999999999999,0.59375,8
11.238743782043457,-4.001557681476697e-05,22.47774887084961,0.009019835852086544,5.1068501472473145,1.8551945402123238e-07,512,640,5.074999999999999,0.40625,8
11.462482452392578,-1.3351440202313825e-06,22.925151824951172,0.009235292673110962,0.9288296103477478,2.299901098012924e-06,513,640,6.199999999999999,0.5,8
11.345728874206543,-0.000175851586391218,22.692005157470703,0.009784551337361336,3.33152437210083,8.227862053900026e-06,514,640,5.449999999999999,0.4375,8
11.241121292114258,-4.57763690064894e-06,22.482467651367188,0.01074737124145031,0.726468026638031,8.600763976573944e-07,515,640,5.824999999999999,0.46875,8
11.507482528686523,0.00011824369721580297,23.01495361328125,0.011228756979107857,3.9446027278900146,1.126807205764635e-06,516,640,6.574999999999999,0.53125,8
11.733570098876953,-0.00028148145065642893,23.467914581298828,0.01054366398602724,11.4857816696167,1.241229438164737e-05,517,640,8.075,0.65625,8
11.154379844665527,0.00013697147369384766,22.30868911743164,0.010188841260969639,9.085397720336914,9.957700513041345e-07,518,640,4.324999999999999,0.34375,8
11.316204071044922,-7.713436934864148e-05,22.632761001586914,0.009896744973957539,0.6778958439826965,1.2896955468022497e-06,519,640,5.824999999999999,0.46875,8
11.436007499694824,-0.00028599202050827444,22.872758865356445,0.00854556541889906,3.964001178741455,1.5443749362020753e-05,520,640,6.574999999999999,0.53125,8
11.261017799377441,-0.000383719801902771,22.522937774658203,0.006794755347073078,0.30153852701187134,5.030231477576308e-05,521,640,5.824999999999999,0.46875,8
11.060601234436035,1.3840198334946763e-05,22.121280670166016,0.005348771810531616,3.479445219039917,5.990266913613596e-07,522,640,5.074999999999999,0.40625,8
11.66071605682373,-8.550286111130845e-06,23.321544647216797,0.004742208868265152,7.2068281173706055,1.8347054719924927e-07,523,640,6.949999999999999,0.5625,8
11.320219039916992,-3.337860050578456e-07,22.640520095825195,0.004108897875994444,2.372295618057251,1.1809170530341362e-07,524,640,6.199999999999999,0.5,8
11.34167766571045,0.0001840144395828247,22.683061599731445,0.0036827772855758667,3.1514241695404053,7.503479537263047e-06,525,640,6.574999999999999,0.53125,8
11.193071365356445,-4.5701863200520165e-06,22.386220932006836,0.0034162611700594425,5.353614330291748,2.7939677238464355e-08,526,640,7.324999999999999,0.59375,8
11.494741439819336,2.47359281502213e-07,22.989547729492188,0.0032108344603329897,5.986936092376709,8.195638834251895e-09,527,640,5.449999999999999,0.4375,8
11.126189231872559,-1.9112228983431123e-05,22.252479553222656,0.0031733084470033646,3.641575813293457,4.954636168008619e-08,528,640,7.324999999999999,0.59375,8
11.165992736816406,-5.424022901934222e-07,22.332054138183594,0.0033375329803675413,1.1444835662841797,8.940697071579962e-09,529,640,6.574999999999999,0.53125,8
11.593915939331055,0.00011279583122814074,23.187679290771484,0.003589233383536339,6.579102039337158,2.9782763704133686e-06,530,640,5.449999999999999,0.4375,8
11.286822319030762,-9.00030158845766e-07,22.573720932006836,0.003754122881218791,3.142817258834839,1.8533318879576655e-08,531,640,5.824999999999999,0.46875,8
11.347283363342285,1.871585823209898e-06,22.694643020629883,0.0039818077348172665,4.015697002410889,7.823109271498652e-09,532,640,6.949999999999999,0.5625,8
11.356263160705566,-0.00015753507614135742,22.712915420532227,0.0037623154930770397,1.487278938293457,1.1355429705872666e-05,533,640,6.574999999999999,0.53125,8
11.419254302978516,-1.436471939086914e-05,22.838611602783203,0.003692052559927106,0.8858911395072937,4.060566283214939e-08,534,640,6.199999999999999,0.5,8
11.477166175842285,-0.0003976047155447304,22.95521354675293,0.0042697349563241005,6.23962926864624,4.408266249811277e-05,535,640,5.074999999999999,0.40625,8
11.341784477233887,0.0002686023653950542,22.683124542236328,0.004705317318439484,8.284485816955566,8.061901098699309e-06,536,640,7.699999999999999,0.625,8
11.321131706237793,-1.1235475767534808e-06,22.642364501953125,0.00493272440508008,1.6357295513153076,5.308538497672544e-09,537,640,6.574999999999999,0.53125,8
10.883100509643555,-6.705522537231445e-07,21.766300201416016,0.00483077485114336,10.555841445922852,0.0,538,640,8.45,0.6875,8
11.796834945678711,-1.758337049295733e-07,23.593765258789062,0.004787041340023279,10.763211250305176,0.0,539,640,4.699999999999999,0.375,8
11.417722702026367,-1.1593103863560827e-06,22.835546493530273,0.004916005302220583,4.184810638427734,7.543713209656744e-09,540,640,5.824999999999999,0.46875,8
11.254020690917969,-1.6540288925170898e-06,22.508148193359375,0.005132036749273539,0.544138491153717,1.3783574281944766e-08,541,640,6.574999999999999,0.53125,8
11.486153602600098,-2.619624183353153e-06,22.97241973876953,0.0052992370910942554,7.3291239738464355,1.750886369222826e-08,542,640,5.074999999999999,0.40625,8
11.415692329406738,0.00011301338963676244,22.831268310546875,0.0055099232122302055,6.3066020011901855,1.6388482890761225e-06,543,640,5.074999999999999,0.40625,8
11.442172050476074,-1.380443609377835e-05,22.88448143005371,0.00554727902635932,6.7168097496032715,5.3551048040390015e-08,544,640,7.324999999999999,0.59375,8
11.379464149475098,-0.00025966166867874563,22.75956916809082,0.0060883257538080215,0.5274792909622192,1.2339651220827363e-05,545,640,6.199999999999999,0.5,8
11.092649459838867,2.595484329503961e-05,22.18539810180664,0.00756386574357748,11.43497085571289,1.0424294032418402e-06,546,640,8.45,0.6875,8
11.300098419189453,0.00013581514940597117,22.6000919342041,0.008320348337292671,1.5550265312194824,3.3709220588207245e-06,547,640,6.199999999999999,0.5,8
10.920683860778809,2.288222276547458e-05,21.84148597717285,0.00818658247590065,10.421730995178223,1.1641532182693481e-07,548,640,8.45,0.6875,8
11.012660026550293,-3.856420335068833e-06,22.025487899780273,0.008042941801249981,3.1641175746917725,1.6577541117612782e-08,549,640,7.324999999999999,0.59375,8
11.642513275146484,-4.269480632501654e-05,23.28527069091797,0.007929978892207146,5.866283893585205,4.453584665498056e-07,550,640,5.824999999999999,0.46875,8
12.06515121459961,-1.3476610547513701e-05,24.13048553466797,0.007782948203384876,11.61740779876709,6.938353180885315e-08,551,640,4.699999999999999,0.375,8
10.890411376953125,-5.739033076679334e-05,21.78109359741211,0.007791777141392231,5.237132549285889,4.85684722661972e-07,552,640,7.699999999999999,0.625,8
10.660574913024902,-6.899237632751465e-06,21.321319580078125,0.00778730446472764,8.55152702331543,3.5390257835388184e-08,553,640,8.45,0.6875,8
12.140483856201172,-1.3124942597642075e-05,24.281147003173828,0.0075928643345832825,10.517924308776855,7.722526902398386e-07,554,640,5.074999999999999,0.40625,8
10.969977378845215,-4.7683716530855236e-08,21.940107345581055,0.007653247565031052,1.801160216331482,8.568167508826718e-09,555,640,7.324999999999999,0.59375,8
11.05760383605957,-1.5109777677935199e-06,22.1153621673584,0.007518502417951822,0.5484588742256165,3.7252903539730653e-10,556,640,6.949999999999999,0.5625,8
11.958584785461426,-0.0001127243012888357,23.917552947998047,0.007890609093010426,9.894627571105957,1.5675090025979443e-06,557,640,5.074999999999999,0.40625,8
11.07604694366455,5.960464477539063e-08,22.152259826660156,0.008294728584587574,0.8627131581306458,1.01327898960335e-07,558,640,6.949999999999999,0.5625,8
11.334446907043457,-7.174313213909045e-05,22.669198989868164,0.008142148144543171,1.1157406568527222,8.66223103912489e-07,559,640,6.574999999999999,0.53125,8
10.271843910217285,-0.0009110212558880448,20.545656204223633,0.00737700005993247,17.489547729492188,2.2459402316599153e-05,560,640,9.95,0.8125,8
11.925596237182617,0.00021836161613464355,23.85089111328125,0.006728654261678457,10.68793773651123,5.837809112563264e-06,561,640,4.699999999999999,0.375,8
11.461676597595215,7.331371421059885e-07,22.92348289489746,0.006569982971996069,3.705249071121216,5.9604645663569045e-09,562,640,5.824999999999999,0.46875,8
11.334761619567871,-2.2649765014648438e-06,22.669658660888672,0.006540501024574041,0.5057076811790466,5.215406329028838e-09,563,640,6.199999999999999,0.5,8
11.152915954589844,-0.0001428067625965923,22.306255340576172,0.006835434585809708,6.782207489013672,2.5129877485596808e-06,564,640,4.699999999999999,0.375,8
11.243048667907715,-0.0004413515271153301,22.487150192260742,0.008498361334204674,0.9112077355384827,5.977815089863725e-05,565,640,5.824999999999999,0.46875,8
11.564885139465332,-0.00036452413769438863,23.130718231201172,0.011008317582309246,5.001392364501953,5.569737550104037e-05,566,640,6.574999999999999,0.53125,8
11.040075302124023,-0.0010356307029724121,22.082496643066406,0.013725151307880878,3.0649116039276123,0.00010836590081453323,567,640,5.074999999999999,0.40625,8
11.602774620056152,4.5686960220336914e-05,23.205791473388672,0.016679925844073296,5.181609153747559,6.41115038888529e-05,568,640,6.574999999999999,0.53125,8
11.371041297912598,7.700621790718287e-05,22.742284774780273,0.017852146178483963,1.0877423286437988,2.6517267542658374e-05,569,640,5.449999999999999,0.4375,8
10.869239807128906,-7.004737562965602e-05,21.738994598388672,0.018742306157946587,4.245306015014648,7.254443971760338e-06,570,640,4.699999999999999,0.375,8
12.058947563171387,6.406307511497289e-05,24.1181583404541,0.019546598196029663,8.651859283447266,5.709938704967499e-06,571,640,6.949999999999999,0.5625,8
11.770601272583008,-0.00035048724384978414,23.542308807373047,0.020237402990460396,6.258959770202637,6.0155057326483075e-06,572,640,6.574999999999999,0.53125,8
11.296173095703125,4.539489600574598e-05,22.592666625976562,0.020638836547732353,0.7212370038032532,2.127326979461941e-06,573,640,5.449999999999999,0.4375,8
11.798467636108398,2.6297570002498105e-05,23.597288131713867,0.020275529474020004,7.353377342224121,1.3085082173347473e-07,574,640,6.949999999999999,0.5625,8
11.56089973449707,-7.120370719349012e-05,23.122356414794922,0.020696531981229782,4.185946464538574,9.55723180595669e-07,575,640,6.574999999999999,0.53125,8
11.287687301635742,-0.0006448209169320762,22.57710838317871,0.022192690521478653,4.689414978027344,3.7508831155719236e-05,576,640,5.074999999999999,0.40625,8
11.268634796142578,0.00032255650148727,22.537107467651367,0.02410282753407955,4.513274192810059,5.1302464271429926e-05,577,640,5.074999999999999,0.40625,8
11.815414428710938,-0.0002750635030679405,23.631893157958984,0.025723760947585106,8.524787902832031,3.7027522921562195e-05,578,640,7.324999999999999,0.59375,8
11.476978302001953,-0.0001714110403554514,22.9548397064209,0.026943156495690346,1.4906933307647705,2.2628064471064135e-05,579,640,6.199999999999999,0.5,8
11.403274536132812,8.387267735088244e-05,22.806930541992188,0.02744823321700096,3.289125680923462,6.261281555453024e-07,580,640,5.449999999999999,0.4375,8
11.771718978881836,-0.0007982373354025185,23.54555892944336,0.026185516268014908,13.063263893127441,4.662396531784907e-05,581,640,8.45,0.6875,8
11.548012733459473,-0.0004682064172811806,23.097436904907227,0.02370140515267849,1.8004719018936157,0.00012711519957520068,582,640,6.574999999999999,0.53125,8
11.497489929199219,-0.0015359282260760665,22.99858856201172,0.026839792728424072,0.9812458157539368,0.0007106292177923024,583,640,6.199999999999999,0.5,8
11.637330055236816,-0.00041050612344406545,23.276100158691406,0.031012851744890213,2.9342641830444336,0.0006072963587939739,584,640,5.824999999999999,0.46875,8
11.563684463500977,-0.0017059982055798173,23.131446838378906,0.03331112489104271,6.187985897064209,0.0003605016099754721,585,640,5.074999999999999,0.40625,8
11.89962387084961,-0.0007675141096115112,23.801471710205078,0.034470248967409134,11.206933975219727,0.00032058823853731155,586,640,8.075,0.65625,8
11.718707084655762,0.00015580057515762746,23.437795639038086,0.03464261814951897,2.312513828277588,6.664544343948364e-05,587,640,6.574999999999999,0.53125,8
11.779973030090332,-0.00023711621179245412,23.561113357543945,0.03464174643158913,4.596824645996094,5.88987040828215e-06,588,640,5.449999999999999,0.4375,8
11.622843742370605,-0.0009724259143695235,23.248319625854492,0.034369636327028275,0.3127133846282959,0.0004209789331071079,589,640,6.199999999999999,0.5,8
11.659027099609375,6.723999831592664e-05,23.318531036376953,0.030605409294366837,1.7597929239273071,0.0012134244898334146,590,640,6.574999999999999,0.53125,8
11.758671760559082,0.0018228769768029451,23.514257431030273,0.027941575273871422,7.163745403289795,0.0002211015234934166,591,640,5.074999999999999,0.40625,8
11.7356538772583,-9.461343142902479e-05,23.47205352783203,0.027806684374809265,3.301448345184326,1.0213814221060602e-06,592,640,6.949999999999999,0.5625,8
11.791115760803223,0.00019959211931563914,23.582412719726562,0.028970539569854736,5.39524507522583,1.5881238141446374e-05,593,640,5.449999999999999,0.4375,8
11.799105644226074,-9.637772745918483e-05,23.598976135253906,0.028580624610185623,10.980545997619629,3.246869937356678e-06,594,640,4.324999999999999,0.34375,8
11.700130462646484,2.7686357952916296e-06,23.400819778442383,0.02822350338101387,1.3542178869247437,6.367219612002373e-06,595,640,5.824999999999999,0.46875,8
11.23615550994873,-0.0001928329438669607,22.473247528076172,0.027550483122467995,10.43643569946289,4.363479092717171e-06,596,640,3.9499999999999993,0.3125,8
11.879197120666504,-0.0003245353582315147,23.759571075439453,0.02645125612616539,3.451592445373535,3.889477738994174e-05,597,640,6.199999999999999,0.5,8
11.864799499511719,-0.0002446770668029785,23.73061752319336,0.026397431269288063,3.112257719039917,4.417542186274659e-06,598,640,6.199999999999999,0.5,8
11.54868221282959,-0.0013296663528308272,23.100622177124023,0.02993015944957733,1.3775039911270142,0.00033813962363637984,599,640,5.449999999999999,0.4375,8
11.782567977905273,0.0010058463085442781,23.563764572143555,0.032044418156147,3.0088894367218018,0.0001319865696132183,600,640,6.199999999999999,0.5,8
9.067399024963379,3.404126618988812e-05,18.135114669799805,0.019227761775255203,3.806061029434204,8.293975042761303e-06,601,1088,7.135000000000003,0.53125,15
8.956565856933594,-0.0005929680191911757,17.91471290588379,0.01969805918633938,0.8612972497940063,7.108946738298982e-05,602,1088,6.760000000000003,0.5,15
8.954421043395996,-0.00021347578149288893,17.90967559814453,0.020356476306915283,3.626903772354126,0.00022729973716195673,603,1088,6.010000000000003,0.4375,15
8.966104507446289,-0.0011943350546061993,17.935001373291016,0.020263688638806343,8.827507972717285,0.00012034314568154514,604,1088,4.885000000000003,0.34375,15
8.937807083129883,0.000357392942532897,17.875295639038086,0.01985939033329487,9.756193161010742,6.961184408282861e-05,605,1088,8.635000000000003,0.65625,15
8.892602920532227,2.01130606001243e-05,17.785554885864258,0.0194319486618042,3.582609176635742,3.5287317587062716e-05,606,1088,7.510000000000003,0.5625,15
8.733036994934082,-9.591790148988366e-05,17.466646194458008,0.018980495631694794,4.2818827629089355,2.7013313228962943e-05,607,1088,7.885000000000003,0.59375,15
8.890480041503906,-0.0006774594075977802,17.78266143798828,0.01738394796848297,0.6347218751907349,0.0002816419582813978,608,1088,7.135000000000003,0.53125,15
9.09571361541748,0.0002468228340148926,18.19123077392578,0.0148989362642169,4.324304103851318,0.00028329319320619106,609,1088,6.385000000000003,0.46875,15
8.684200286865234,0.00037716416409239173,17.367916107177734,0.013421304523944855,2.9832026958465576,6.460228905780241e-05,610,1088,7.885000000000003,0.59375,15
8.351511001586914,-7.050703425193205e-05,16.703414916992188,0.012624475173652172,5.697502613067627,1.43531051435275e-05,611,1088,8.635000000000003,0.65625,15
8.74301528930664,-2.4451928766211495e-05,17.48632049560547,0.012029199860990047,0.6727372407913208,4.8961269385472406e-06,612,1088,7.510000000000003,0.5625,15
9.5707426071167,2.160843723686412e-05,19.141677856445312,0.011835838668048382,9.504806518554688,6.591572514480504e-07,613,1088,5.635000000000003,0.40625,15
8.733222007751465,-0.0006834128289483488,17.468017578125,0.010317464359104633,0.3856985569000244,8.325202361447737e-05,614,1088,7.510000000000003,0.5625,15
9.085222244262695,-0.00012377429811749607,18.17084503173828,0.00762222008779645,4.728173732757568,0.00013262899301480502,615,1088,6.385000000000003,0.46875,15
8.61970329284668,-2.6397845431347378e-05,17.23958396911621,0.006194948218762875,3.034083843231201,2.724063733694493e-06,616,1088,7.885000000000003,0.59375,15
8.460694313049316,0.00015239154163282365,16.921188354492188,0.005248393397778273,4.286377906799316,1.1462937436590437e-05,617,1088,8.260000000000003,0.625,15
9.133865356445312,0.00011069985339418054,18.267606735229492,0.00488845631480217,5.166186332702637,8.91582476469921e-06,618,1088,6.385000000000003,0.46875,15
8.73924446105957,-2.8978374757571146e-06,17.478588104248047,0.004635382443666458,0.35215356945991516,4.5251319136241364e-08,619,1088,7.510000000000003,0.5625,15
9.394363403320312,7.205149472611083e-07,18.788814544677734,0.0044783190824091434,8.799071311950684,1.2600246179772512e-08,620,1088,5.635000000000003,0.40625,15
8.80212688446045,-7.179554813774303e-05,17.604490280151367,0.004638445097953081,0.5072165131568909,1.4971832342780544e-06,621,1088,7.135000000000003,0.53125,15
8.909316062927246,-0.00022370849910657853,17.819190979003906,0.005500332452356815,2.730682849884033,1.0420239959785249e-05,622,1088,6.385000000000003,0.46875,15
8.73778247833252,0.00024455785751342773,17.47519874572754,0.006131093483418226,10.300309181213379,1.5333240298787132e-05,623,1088,4.510000000000003,0.3125,15
8.819555282592773,-0.000556153419893235,17.640365600585938,0.007178969215601683,1.8160357475280762,3.47798595612403e-05,624,1088,6.760000000000003,0.5,15
8.703767776489258,-0.0007967387791723013,17.409299850463867,0.008630672469735146,3.1867501735687256,0.00012009831698378548,625,1088,5.635000000000003,0.40625,15
9.227294921875,0.00012078004510840401,18.454544067382812,0.009826726280152798,10.002415657043457,1.9632170733530074e-05,626,1088,8.260000000000003,0.625,15
8.511191368103027,-0.00023210750077851117,17.023061752319336,0.01075779926031828,4.416715145111084,7.5048710641567595e-06,627,1088,5.260000000000003,0.375,15
8.915031433105469,-2.1036933048890205e-06,17.830297470092773,0.011536840349435806,3.1768300533294678,1.4076666957407724e-05,628,1088,6.760000000000003,0.5,15
8.81307601928711,-0.0008716723532415926,17.62810707092285,0.010563270188868046,0.4479907751083374,5.334582965588197e-05,629,1088,6.385000000000003,0.46875,15
8.838494300842285,0.00037293575587682426,17.6763916015625,0.007459164597094059,2.791137933731079,7.199594983831048e-05,630,1088,7.135000000000003,0.53125,15
8.806963920593262,-0.00043667765567079186,17.614906311035156,0.005288285668939352,0.6773563623428345,0.00021576217841356993,631,1088,6.760000000000003,0.5,15
8.969868659973145,-6.262695387704298e-05,17.93994903564453,0.0042574359104037285,10.017923355102539,5.5366141168633476e-05,632,1088,4.885000000000003,0.34375,15
8.774401664733887,0.00011116616951767355,17.548656463623047,0.0038197929970920086,0.9598599672317505,3.851950168609619e-06,633,1088,7.135000000000003,0.53125,15
8.677040100097656,-2.1597918475890765e-06,17.35416030883789,0.0037688445299863815,1.5478557348251343,2.5200492803634233e-09,634,1088,7.510000000000003,0.5625,15
9.196004867553711,9.728880831971765e-05,18.391895294189453,0.0039789131842553616,8.256753921508789,1.6904600670386571e-06,635,1088,5.635000000000003,0.40625,15
8.735267639160156,4.067140366714739e-07,17.470617294311523,0.004134372808039188,0.2707517445087433,2.3666549608947207e-08,636,1088,7.135000000000003,0.53125,15
8.799966812133789,-8.787828119238839e-05,17.600196838378906,0.0043915617279708385,2.501847982406616,1.6756684999563731e-06,637,1088,6.385000000000003,0.46875,15
8.764012336730957,-1.2895639883936383e-05,17.528141021728516,0.0044530401937663555,0.6957743763923645,4.930531360969326e-08,638,1088,6.760000000000003,0.5,15
8.750590324401855,3.130996992695145e-05,17.501201629638672,0.004203395918011665,0.36487245559692383,2.335428348487767e-07,639,1088,6.385000000000003,0.46875,15
8.784143447875977,1.8126823988495744e-06,17.568374633789062,0.004567980766296387,2.1053240299224854,9.19270135568695e-08,640,1088,6.760000000000003,0.5,15
8.904101371765137,-3.876405753544532e-05,17.80837631225586,0.004729690961539745,8.693927764892578,5.574239594352548e-07,641,1088,8.260000000000003,0.625,15
8.702617645263672,-1.0280047717969865e-05,17.405351638793945,0.004736130125820637,5.500526428222656,4.1635598080347336e-08,642,1088,7.885000000000003,0.59375,15
8.903352737426758,8.954721124609932e-06,17.80678367614746,0.0047899396158754826,8.222665786743164,3.7800738539317535e-08,643,1088,5.260000000000003,0.375,15
8.732699394226074,-0.0008519765106029809,17.46722412109375,0.006059290841221809,0.2982991337776184,0.00013744918396696448,644,1088,6.760000000000003,0.5,15
8.762727737426758,0.0003748641174752265,17.52486228942871,0.00786230806261301,0.5277268290519714,7.35251815058291e-05,645,1088,6.760000000000003,0.5,15
8.734193801879883,-4.457024988369085e-05,17.4686279296875,0.007549249101430178,7.5428266525268555,2.910547436840716e-06,646,1088,8.260000000000003,0.625,15
8.701504707336426,0.0001097987696994096,17.40293312072754,0.00719839334487915,4.452507019042969,2.384952722422895e-06,647,1088,7.885000000000003,0.59375,15
9.15474796295166,2.6036710551124997e-05,18.309585571289062,0.0070334384217858315,10.885031700134277,1.531203821514282e-07,648,1088,4.885000000000003,0.34375,15
8.708794593811035,-0.00021238888439256698,17.418148040771484,0.006653653457760811,1.5099126100540161,8.225112651416566e-06,649,1088,7.510000000000003,0.5625,15
9.025609016418457,0.0001428285031579435,18.05105209350586,0.006003147456794977,6.054643630981445,4.306271421228303e-06,650,1088,6.010000000000003,0.4375,15
8.67829418182373,2.9646298571606167e-05,17.356647491455078,0.0058723874390125275,1.2761825323104858,1.1006040949723683e-06,651,1088,7.510000000000003,0.5625,15
8.545968055725098,-1.5823279682081193e-05,17.092086791992188,0.005880818702280521,2.0910589694976807,5.812548664607675e-08,652,1088,7.885000000000003,0.59375,15
8.704948425292969,9.992543709813617e-06,17.40999984741211,0.006088106893002987,2.0615150928497314,1.5329569578170776e-06,653,1088,7.135000000000003,0.53125,15
8.77026081085205,2.2330705178319477e-05,17.540603637695312,0.006295949220657349,1.3449031114578247,5.59560533019976e-07,654,1088,7.135000000000003,0.53125,15
8.974991798400879,-5.406491709436523e-06,17.950119018554688,0.006199773401021957,5.555448055267334,1.9612556911852153e-08,655,1088,6.010000000000003,0.4375,15
8.715773582458496,-0.00016137957572937012,17.43198585510254,0.005796651355922222,0.983917772769928,1.6872716514626518e-05,656,1088,7.135000000000003,0.53125,15
8.631895065307617,-1.7250285964109935e-05,17.2639217376709,0.004869154188781977,4.163853168487549,6.686896085739136e-07,657,1088,7.885000000000003,0.59375,15
8.790628433227539,-1.6969793250609655e-06,17.581348419189453,0.00442322576418519,1.4708534479141235,8.42266217659926e-06,658,1088,6.760000000000003,0.5,15
8.798940658569336,2.3350996798399137e-06,17.597963333129883,0.004246547818183899,4.167561054229736,2.6844004352710726e-08,659,1088,6.010000000000003,0.4375,15
8.748884201049805,-2.125431456079241e-05,17.497892379760742,0.0040930816903710365,1.1489475965499878,7.275272650986153e-07,660,1088,6.385000000000003,0.46875,15
8.757352828979492,-0.00012233328016009182,17.515024185180664,0.0037634815089404583,1.6062439680099487,3.9211968214658555e-06,661,1088,6.760000000000003,0.5,15
8.807661056518555,-8.029096534301061e-06,17.61540412902832,0.003372320206835866,4.635058403015137,1.290703579570618e-07,662,1088,7.510000000000003,0.5625,15
8.791218757629395,-4.3476327959979244e-07,17.58249855041504,0.0030289904680103064,0.3417733907699585,7.29718649949973e-08,663,1088,6.760000000000003,0.5,15
8.732922554016113,-0.00017344250227324665,17.466245651245117,0.0026759777683764696,0.46200472116470337,7.48164302422083e-06,664,1088,7.135000000000003,0.53125,15
8.774815559387207,-1.7530777540741838e-06,17.549680709838867,0.0022919271141290665,1.930635929107666,8.907826298809596e-08,665,1088,6.760000000000003,0.5,15
8.812299728393555,1.753077860655594e-08,17.62464141845703,0.0020568359177559614,3.117727518081665,1.7859479228832242e-08,666,1088,6.385000000000003,0.46875,15
8.506691932678223,-3.055614570257603e-06,17.013427734375,0.0019437758019194007,8.106693267822266,7.341013130712781e-09,667,1088,8.635000000000003,0.65625,15
8.905509948730469,3.344171273056418e-05,17.810989379882812,0.0018529186490923166,6.331674575805664,2.194086476947632e-07,668,1088,5.635000000000003,0.40625,15
8.737377166748047,-2.2439395763740322e-07,17.47479248046875,0.001891691004857421,0.3060546815395355,0.0,669,1088,6.760000000000003,0.5,15
8.769927024841309,-4.682470716943499e-06,17.539901733398438,0.00188381876796484,11.163399696350098,1.1066303429174695e-08,670,1088,9.010000000000003,0.6875,15
8.56093978881836,-3.8792106352047995e-05,17.12199592590332,0.0018839063122868538,6.358189105987549,2.5129273240054317e-07,671,1088,8.260000000000003,0.625,15
8.848647117614746,2.997763033363299e-07,17.697330474853516,0.001809401554055512,5.068930149078369,0.0,672,1088,6.010000000000003,0.4375,15
8.96629810333252,-3.365909435615322e-07,17.932632446289062,0.0018070852383971214,13.458685874938965,0.0,673,1088,4.135000000000003,0.28125,15
8.749493598937988,-1.8407317270430212e-07,17.499025344848633,0.001889140927232802,1.1731401681900024,1.6982940609366892e-09,674,1088,6.385000000000003,0.46875,15
8.787718772888184,1.3148083155556378e-07,17.575475692749023,0.0018944339826703072,3.217226982116699,0.0,675,1088,7.135000000000003,0.53125,15
8.692278861999512,-9.414027886123222e-07,17.384597778320312,0.0019232173217460513,0.33042827248573303,0.0,676,1088,6.385000000000003,0.46875,15
8.939231872558594,3.4202548704342917e-06,17.878494262695312,0.0019232043996453285,5.216618537902832,2.5200492803634233e-09,677,1088,7.510000000000003,0.5625,15
8.854796409606934,3.287371509941295e-05,17.709566116333008,0.0018659738125279546,4.213252067565918,3.5658698038787406e-07,678,1088,7.510000000000003,0.5625,15
8.707776069641113,-2.8049244704675402e-08,17.41558837890625,0.001808016444556415,3.7935791015625,0.0,679,1088,6.010000000000003,0.4375,15
8.704377174377441,-3.926894294181693e-07,17.408790588378906,0.0018259366042912006,8.653031349182129,0.0,680,1088,8.635000000000003,0.65625,15
8.666716575622559,-7.292803729797015e-07,17.333471298217773,0.001788630150258541,2.0476508140563965,1.0956736212763829e-10,681,1088,7.510000000000003,0.5625,15
8.611273765563965,-1.1710559419952915e-06,17.222583770751953,0.00172073591966182,0.45438632369041443,3.5061555880844253e-09,682,1088,7.510000000000003,0.5625,15
9.06772518157959,3.8041787320253206e-07,18.135482788085938,0.0016685934970155358,5.890956401824951,0.0,683,1088,6.385000000000003,0.46875,15
9.076017379760742,-2.384185791015625e-07,18.152069091796875,0.0016737185651436448,6.8719162940979,0.0,684,1088,6.010000000000003,0.4375,15
8.51002311706543,1.8232009324492537e-07,17.02008056640625,0.0016717847902327776,2.618083953857422,0.0,685,1088,7.885000000000003,0.59375,15
8.977862358093262,-1.7881393432617188e-07,17.955759048461914,0.0016926239477470517,4.528702735900879,0.0,686,1088,6.385000000000003,0.46875,15
8.897790908813477,-6.083179755478341e-07,17.795618057250977,0.0017146896570920944,5.08970832824707,0.0,687,1088,6.010000000000003,0.4375,15
8.737236976623535,-6.674317410215735e-05,17.47464370727539,0.00178332079667598,1.8662199974060059,1.0516275779082207e-06,688,1088,6.385000000000003,0.46875,15
8.475110054016113,7.487220136681572e-05,16.95010757446289,0.0019366237102076411,9.32435131072998,2.357670382480137e-06,689,1088,4.510000000000003,0.3125,15
8.71302318572998,-2.0423356090759626e-06,17.42609214782715,0.0020763601642102003,1.0683367252349854,8.655821837066924e-09,690,1088,6.385000000000003,0.46875,15
8.958562850952148,2.6997398094863456e-07,17.91716766357422,0.0021407746244221926,6.140875339508057,1.9174288823364805e-09,691,1088,7.510000000000003,0.5625,15
8.7718505859375,-2.2439395763740322e-07,17.543743133544922,0.0021357012446969748,1.4859915971755981,0.0,692,1088,6.760000000000003,0.5,15
8.716514587402344,4.207386794519152e-08,17.43307113647461,0.002085051964968443,0.2297523468732834,3.287020933218088e-10,693,1088,6.760000000000003,0.5,15
8.381965637207031,2.619098268041853e-05,16.763919830322266,0.0020472973119467497,9.111854553222656,2.9457186201398144e-07,694,1088,9.010000000000003,0.6875,15
8.740501403808594,-1.1219697881870161e-07,17.481042861938477,0.0020328958053141832,2.6897456645965576,0.0,695,1088,6.760000000000003,0.5,15
9.095646858215332,-2.1738163979989622e-07,18.191333770751953,0.0020103510469198227,7.686534404754639,0.0,696,1088,5.635000000000003,0.40625,15
8.741214752197266,-3.080858732573688e-05,17.482532501220703,0.0021053084637969732,1.9395034313201904,1.3645519629790215e-06,697,1088,7.510000000000003,0.5625,15
9.05932331085205,-2.729542075030622e-06,18.118696212768555,0.002190907020121813,10.667743682861328,5.040098560726847e-09,698,1088,4.885000000000003,0.34375,15
8.716655731201172,5.6098489409350805e-08,17.43335723876953,0.002269681543111801,0.5956979393959045,2.5748330134689468e-09,699,1088,7.135000000000003,0.53125,15
8.766520500183105,-0.00010415385622764006,17.533296585083008,0.002390076871961355,0.9208779335021973,2.716558356041787e-06,700,1088,6.760000000000003,0.5,15
8.694685935974121,-1.1752633326977957e-05,17.389450073242188,0.0027361877728253603,8.859152793884277,6.590477141799056e-08,701,1088,4.885000000000003,0.34375,15
8.66943073272705,-1.7096013834816404e-05,17.338956832885742,0.0030814826022833586,2.004183053970337,9.427120858163107e-06,702,1088,6.010000000000003,0.4375,15
9.277545928955078,-7.873773574829102e-05,18.555316925048828,0.003359318943694234,11.658501625061035,2.6373959371994715e-06,703,1088,8.635000000000003,0.65625,15
8.42503547668457,4.836040534428321e-05,16.85004425048828,0.003506977576762438,4.41031551361084,9.244745911018981e-07,704,1088,5.260000000000003,0.375,15
9.207132339477539,-7.292978989426047e-05,18.41448211669922,0.0036495814565569162,8.853206634521484,8.936862059272244e-07,705,1088,7.885000000000003,0.59375,15
8.975647926330566,4.172325134277344e-07,17.951370239257812,0.003704971633851528,6.147640705108643,1.7530777940422126e-09,706,1088,7.510000000000003,0.5625,15
8.957318305969238,4.8384945330326445e-06,17.914701461791992,0.0036795823834836483,8.58544921875,8.929739614416121e-09,707,1088,8.260000000000003,0.625,15
8.731036186218262,-4.221235940349288e-05,17.462228775024414,0.0036034437362104654,3.339808940887451,3.592713824218663e-07,708,1088,7.510000000000003,0.5625,15
8.84754467010498,1.1359943528077565e-06,17.69515609741211,0.0034725915174931288,3.137453317642212,1.0847168496752602e-08,709,1088,6.385000000000003,0.46875,15
8.461580276489258,-2.182581738452427e-06,16.923233032226562,0.0034007434733211994,7.337780475616455,4.9305310945158e-09,710,1088,8.635000000000003,0.65625,15
8.948686599731445,-2.8066775485058315e-05,17.89749526977539,0.0033146922942250967,5.927285194396973,2.610442493278242e-07,711,1088,6.010000000000003,0.4375,15
8.612039566040039,-3.926894294181693e-07,17.224143981933594,0.0032118710223585367,1.2660151720046997,3.725290298461914e-09,712,1088,7.510000000000003,0.5625,15
8.310956954956055,-2.0756440335389925e-06,16.621980667114258,0.003134360071271658,3.7869160175323486,7.0123111761688506e-09,713,1088,8.260000000000003,0.625,15
9.085288047790527,9.585829502611887e-06,18.170618057250977,0.003062256146222353,5.81670618057251,2.1913471925927297e-08,714,1088,6.385000000000003,0.46875,15
9.445623397827148,1.5088740838109516e-05,18.891279220581055,0.0031511904671788216,12.58354663848877,1.0764993163547842e-07,715,1088,4.885000000000003,0.34375,15
8.716346740722656,-3.817502147285268e-05,17.432830810546875,0.0030757959466427565,0.5532062649726868,3.285925060936279e-07,716,1088,7.135000000000003,0.53125,15
8.94260311126709,9.25625045056222e-06,17.885242462158203,0.0028049922548234463,9.975812911987305,4.185473301276943e-08,717,1088,4.885000000000003,0.34375,15
8.707565307617188,1.3393514564086217e-06,17.41518211364746,0.0026937557850033045,1.053780198097229,7.0123111761688506e-09,718,1088,6.385000000000003,0.46875,15
8.897469520568848,1.3463637515087612e-05,17.794965744018555,0.0026712596882134676,5.43850564956665,5.954986193046352e-08,719,1088,7.510000000000003,0.5625,15
8.951801300048828,-4.97874111715646e-07,17.903656005859375,0.0026078633964061737,6.9825825691223145,0.0,720,1088,7.885000000000003,0.59375,15
8.877904891967773,1.8919216017820872e-05,17.755823135375977,0.0025409001391381025,7.871918678283691,1.6051617990342493e-07,721,1088,8.260000000000003,0.625,15
8.748490333557129,-0.0001449865521863103,17.497325897216797,0.0027876747772097588,0.5903952717781067,5.107701781525975e-06,722,1088,6.760000000000003,0.5,15
8.918407440185547,-0.0003366330056451261,17.837556838989258,0.0034357807599008083,8.055680274963379,1.876226087915711e-05,723,1088,5.260000000000003,0.375,15
8.7708158493042,0.0004459794727154076,17.540817260742188,0.003934633918106556,5.568389892578125,2.0124620277783833e-05,724,1088,5.635000000000003,0.40625,15
8.824095726013184,4.382694442028878e-06,17.648263931274414,0.004109599161893129,5.803429126739502,3.577374485530527e-08,725,1088,7.885000000000003,0.59375,15
8.754009246826172,-3.926894294181693e-07,17.508102416992188,0.004240876063704491,0.15522757172584534,1.1340222094702312e-08,726,1088,6.760000000000003,0.5,15
8.7146635055542,-7.4190252234984655e-06,17.429428100585938,0.004303864203393459,4.775747776031494,9.258442013049262e-09,727,1088,7.885000000000003,0.59375,15
8.723834037780762,-1.009772859106306e-06,17.44775390625,0.004192333668470383,0.2675827145576477,1.336721844324984e-08,728,1088,7.135000000000003,0.53125,15
8.38668155670166,-1.8856104361475445e-05,16.773483276367188,0.00407008733600378,4.249360084533691,9.81340122052643e-07,729,1088,8.260000000000003,0.625,15
8.727166175842285,-0.00010238675167784095,17.454612731933594,0.00379106099717319,1.9554388523101807,2.440339130771463e-06,730,1088,7.135000000000003,0.53125,15
8.744306564331055,-1.5241258552123327e-05,17.488718032836914,0.003700254252180457,1.5399563312530518,4.344346038465119e-08,731,1088,7.135000000000003,0.53125,15
8.374175071716309,5.111975042382255e-06,16.74842071533203,0.004020495340228081,4.1365647315979,5.713937767382049e-08,732,1088,8.260000000000003,0.625,15
9.111478805541992,6.725332059431821e-05,18.222904205322266,0.00412628473713994,6.7853546142578125,6.586093945770699e-07,733,1088,6.010000000000003,0.4375,15
8.992920875549316,8.38321830087807e-06,17.98590660095215,0.004134349059313536,5.916667461395264,2.289957912182672e-08,734,1088,6.010000000000003,0.4375,15
8.72017765045166,-7.433050086547155e-07,17.440441131591797,0.00417622784152627,0.9263883233070374,1.7530777940422126e-09,735,1088,6.760000000000003,0.5,15
8.741076469421387,-2.4546594431740232e-05,17.482284545898438,0.004126415587961674,3.4117050170898438,1.1553878209724644e-07,736,1088,7.510000000000003,0.5625,15
8.740169525146484,-2.6436412099428708e-06,17.480424880981445,0.0040233684703707695,0.22662900388240814,6.757567234672024e-07,737,1088,6.760000000000003,0.5,15
8.67812728881836,-1.6338684645234025e-06,17.35633659362793,0.0039133899845182896,5.104361534118652,7.0123111761688506e-09,738,1088,7.885000000000003,0.59375,15
8.733187675476074,-0.0002267325617140159,17.466903686523438,0.0036930034402757883,2.2692558765411377,5.4773272495367564e-06,739,1088,7.510000000000003,0.5625,15
8.859268188476562,0.00010803166514961049,17.718387603759766,0.003333145519718528,3.7881083488464355,2.769041202554945e-06,740,1088,6.385000000000003,0.46875,15
8.635143280029297,-0.000135653157485649,17.270620346069336,0.003112348960712552,1.4463824033737183,9.29810539673781e-06,741,1088,7.510000000000003,0.5625,15
8.590328216552734,-3.2081322842714144e-06,17.18071746826172,0.002725763712078333,0.3567677438259125,7.636845111846924e-08,742,1088,7.510000000000003,0.5625,15
8.242024421691895,-4.62812522528111e-06,16.484107971191406,0.002479181857779622,2.773893117904663,3.736246867447335e-08,743,1088,8.260000000000003,0.625,15
9.39362621307373,2.286013341290527e-06,18.787294387817383,0.0023119007237255573,9.05032730102539,1.30385160446167e-08,744,1088,6.010000000000003,0.4375,15
7.790425777435303,-3.450057192821987e-06,15.580902099609375,0.0022067134268581867,5.056015968322754,5.807070380114965e-09,745,1088,9.010000000000003,0.6875,15
10.190208435058594,1.7881393432617188e-06,20.380456924438477,0.002160646952688694,15.136978149414062,2.848751456951959e-09,746,1088,4.885000000000003,0.34375,15
8.4625883102417,-7.433050086547155e-07,16.925220489501953,0.0021420386619865894,0.25690725445747375,0.0,747,1088,7.885000000000003,0.59375,15
9.121500968933105,4.207386723464879e-07,18.243043899536133,0.002143950667232275,6.08726692199707,0.0,748,1088,6.385000000000003,0.46875,15
8.821425437927246,-8.905635127121059e-07,17.64289665222168,0.0021757492795586586,2.8357551097869873,1.2600246401817117e-09,749,1088,6.760000000000003,0.5,15
9.003447532653809,2.2534062736667693e-05,18.006893157958984,0.0022312141954898834,8.426373481750488,1.8560710657311574e-07,750,1088,5.260000000000003,0.375,15
8.73817253112793,-1.7180161648866488e-07,17.476390838623047,0.002252470701932907,1.4482231140136719,0.0,751,1088,7.135000000000003,0.53125,15
8.694345474243164,3.6464018648985075e-07,17.388736724853516,0.002247347729280591,1.1864280700683594,0.0,752,1088,7.135000000000003,0.53125,15
8.898577690124512,-6.486387604809352e-08,17.797199249267578,0.0022358614951372147,6.313042163848877,0.0,753,1088,5.635000000000003,0.40625,15
8.732828140258789,-4.9086178677271164e-08,17.465702056884766,0.002262718975543976,0.8322767615318298,0.0,754,1088,7.135000000000003,0.53125,15
8.755196571350098,4.207386794519152e-08,17.510438919067383,0.002258698223158717,1.1288725137710571,0.0,755,1088,6.760000000000003,0.5,15
8.7333984375,-5.627379664474574e-07,17.46684455871582,0.00229239952750504,2.256345272064209,1.4791593505592004e-09,756,1088,6.385000000000003,0.46875,15
8.765607833862305,2.8750474712069263e-07,17.53126335144043,0.0023504893761128187,5.418336391448975,0.0,757,1088,7.885000000000003,0.59375,15
8.717259407043457,-1.3887882232666016e-05,17.434595108032227,0.0023643060121685266,2.981576681137085,6.070031588478741e-08,758,1088,7.510000000000003,0.5625,15
8.759007453918457,-6.801942049605714e-07,17.518064498901367,0.002423529978841543,2.800733804702759,3.232237144601413e-09,759,1088,6.385000000000003,0.46875,15
8.843667984008789,-3.474600134723005e-06,17.687393188476562,0.002495028544217348,11.15784740447998,4.492261673760822e-09,760,1088,4.510000000000003,0.3125,15
8.667201042175293,-8.144799357978627e-05,17.33461570739746,0.002615703735500574,6.428762912750244,1.0870726327993907e-06,761,1088,5.260000000000003,0.375,15
8.558253288269043,-0.0003153927100356668,17.11719512939453,0.0029026735574007034,3.102717876434326,8.92711068445351e-06,762,1088,5.635000000000003,0.40625,15
9.185718536376953,-0.0001360493479296565,18.371774673461914,0.0032666753977537155,8.58098316192627,6.225343440746656e-06,763,1088,7.885000000000003,0.59375,15
8.357321739196777,7.708633347647265e-05,16.71455955505371,0.0035532047040760517,3.6700406074523926,2.288916903125937e-06,764,1088,5.260000000000003,0.375,15
9.200444221496582,1.540955395284982e-06,18.400959014892578,0.0036943317390978336,7.505959510803223,1.1011519696069172e-08,765,1088,7.510000000000003,0.5625,15
8.59395694732666,-2.3456179860659176e-06,17.187992095947266,0.003753016935661435,0.2453111857175827,4.547045406866346e-09,766,1088,6.010000000000003,0.4375,15
8.461934089660645,-8.081688633865269e-07,16.923946380615234,0.0037809049244970083,1.9925919771194458,1.643510466609044e-10,767,1088,5.635000000000003,0.40625,15
8.46102237701416,-7.928995182737708e-05,16.92228126525879,0.003892534878104925,1.1727900505065918,1.042697817865701e-06,768,1088,5.635000000000003,0.40625,15
9.158672332763672,7.1665817813482136e-06,18.317415237426758,0.004258174914866686,6.501787185668945,1.0189764765300424e-07,769,1088,7.135000000000003,0.53125,15
9.35981559753418,5.16807313033496e-06,18.719711303710938,0.004468630068004131,9.419526100158691,1.879080180344772e-08,770,1088,7.885000000000003,0.59375,15
9.154585838317871,-7.994034945113526e-07,18.309263229370117,0.004459103103727102,8.171496391296387,0.0,771,1088,7.885000000000003,0.59375,15
8.586593627929688,-2.2439395763740322e-07,17.173276901245117,0.004453476518392563,3.374253273010254,0.0,772,1088,5.635000000000003,0.40625,15
8.970649719238281,-2.5854391424218193e-05,17.941438674926758,0.004433079157024622,5.345003604888916,3.403162338599941e-07,773,1088,7.510000000000003,0.5625,15
8.667253494262695,-5.990968202240765e-05,17.3347110748291,0.004198132082819939,2.14604115486145,1.249122760782484e-06,774,1088,6.010000000000003,0.4375,15
8.453452110290527,-0.00012688075366895646,16.907238006591797,0.00396786630153656,5.013632774353027,3.3066335163312033e-06,775,1088,5.260000000000003,0.375,15
8.622922897338867,-0.0003792713687289506,17.246673583984375,0.003434250131249428,0.2585991621017456,2.5527442630846053e-05,776,1088,6.010000000000003,0.4375,15
8.741971969604492,4.62812522528111e-07,17.483993530273438,0.0025082947686314583,2.2638468742370605,4.543758507224993e-07,777,1088,6.385000000000003,0.46875,15
8.718483924865723,1.682954717807661e-07,17.437007904052734,0.002006601309403777,1.8074042797088623,1.2282501415938896e-07,778,1088,6.385000000000003,0.46875,15
8.379518508911133,-0.00014633290993515402,16.759363174438477,0.0016996213234961033,3.988295555114746,9.059193871507887e-06,779,1088,5.260000000000003,0.375,15
8.564349174499512,6.538980414916296e-07,17.128726959228516,0.0015457611298188567,0.2395377904176712,1.051846698629788e-08,780,1088,6.010000000000003,0.4375,15
8.913986206054688,4.7992256440920755e-05,17.827905654907227,0.0014625730691477656,3.431942939758301,5.911159064453386e-07,781,1088,6.760000000000003,0.5,15
8.60361099243164,-0.00013957303599454463,17.20752716064453,0.0012989803217351437,0.589165210723877,6.937202670087572e-06,782,1088,6.010000000000003,0.4375,15
9.359232902526855,-5.918390797887696e-06,18.7185001373291,0.0010992339812219143,10.249823570251465,1.6982941275500707e-08,783,1088,8.260000000000003,0.625,15
9.0056791305542,0.00013194714847486466,18.0111141204834,0.000941436504945159,7.3789143562316895,6.055788162484532e-06,784,1088,7.885000000000003,0.59375,15
8.681696891784668,-2.1738163979989622e-07,17.36341094970703,0.0008587071788497269,0.6993948817253113,2.081779859608446e-09,785,1088,6.385000000000003,0.46875,15
8.643080711364746,1.4024622352337701e-08,17.286178588867188,0.0008255336433649063,1.9136641025543213,0.0,786,1088,6.010000000000003,0.4375,15
8.706162452697754,-2.6296166311112756e-07,17.412342071533203,0.0008112516952678561,0.5088036060333252,0.0,787,1088,6.385000000000003,0.46875,15
8.869681358337402,-4.0846711613085063e-07,17.739377975463867,0.000784529373049736,3.655790328979492,0.0,788,1088,7.135000000000003,0.53125,15
8.575172424316406,5.569528184423689e-06,17.150348663330078,0.0007762247114442289,3.815927505493164,6.574041755413873e-09,789,1088,5.635000000000003,0.40625,15
8.934341430664062,1.2271544846953475e-07,17.868698120117188,0.0008000117959454656,6.890725612640381,0.0,790,1088,7.885000000000003,0.59375,15
8.592113494873047,-1.9634471470908466e-07,17.184242248535156,0.0008021005196496844,4.113119602203369,0.0,791,1088,5.635000000000003,0.40625,15
8.790048599243164,-0.0,17.580114364624023,0.0008146013715304434,2.9789137840270996,0.0,792,1088,7.135000000000003,0.53125,15
8.755279541015625,-1.1219697881870161e-07,17.510576248168945,0.0008150172070600092,5.848700046539307,0.0,793,1088,7.885000000000003,0.59375,15
8.72075366973877,-7.187618678017316e-08,17.4415225982666,0.0007839823956601322,0.90457683801651,0.0,794,1088,7.135000000000003,0.53125,15
8.705416679382324,-4.9086178677271164e-08,17.41084861755371,0.0007705928292125463,0.5538414716720581,0.0,795,1088,7.135000000000003,0.53125,15
8.79690170288086,-4.9086178677271164e-08,17.59381866455078,0.000767555320635438,2.337329626083374,0.0,796,1088,6.760000000000003,0.5,15
8.65318489074707,-5.2592334043310984e-08,17.306385040283203,0.0007605885621160269,1.241410732269287,0.0,797,1088,7.510000000000003,0.5625,15
9.096780776977539,7.012311442622376e-08,18.19357681274414,0.0007470590062439442,7.832738399505615,0.0,798,1088,5.635000000000003,0.40625,15
8.814377784729004,-9.116004662246269e-08,17.62877082824707,0.0007597263320349157,3.4264681339263916,0.0,799,1088,6.385000000000003,0.46875,15
8.617157936096191,5.7851565316013875e-08,17.234331130981445,0.0007645057048648596,4.251140117645264,0.0,800,1088,7.885000000000003,0.59375,15
